name,formattedAddress,location,displayName,websiteUri
places/ChIJAR5cs0S1w4kRjcYmsA68OBI,"4231 Arthur Kill Rd suite a, Staten Island, NY 10309, USA","{'latitude': 40.5231449, 'longitude': -74.23446290000001}","{'text': 'Laser My Logo, Inc', 'languageCode': 'en'}",
places/ChIJOQOQhItMwokRjCgQKl3Nnsc,"71 Winant Pl ste d, Staten Island, NY 10309, USA","{'latitude': 40.536992, 'longitude': -74.23978710000002}","{'text': 'Spartan Embroidery', 'languageCode': 'en'}",http://www.spartanembroidery.com/
places/ChIJ_WpPMnjKw4kRiIdznj8ISeA,"437 Amboy Ave, Perth Amboy, NJ 08861, USA","{'latitude': 40.516718399999995, 'longitude': -74.2759315}","{'text': 'Monogram Center', 'languageCode': 'en'}",http://www.monogramcenter.com/
places/ChIJx8Kkd1q1w4kR5dHBx_FySuE,"6833 Amboy Rd, Staten Island, NY 10309, USA","{'latitude': 40.519257599999996, 'longitude': -74.2296942}","{'text': 'Anything Apparel', 'languageCode': 'en'}",https://www.anythingapparel.com/
places/ChIJlSN6Zc61w4kR2RKPCLmGGKs,"250 Woodbridge Center Dr, Woodbridge, NJ 07095, USA","{'latitude': 40.556018699999996, 'longitude': -74.297831}","{'text': 'Embroidery Place', 'languageCode': 'en'}",https://www.instagram.com/embroideryplacewoodbridge/
places/ChIJieMx_z-2w4kRKwgAER9bKjc,"459 Menlo Park Dr, Edison, NJ 08837, USA","{'latitude': 40.546586, 'longitude': -74.33612260000001}","{'text': 'Embroidery Place', 'languageCode': 'en'}",http://instagram.com/embroiderymp
places/ChIJSX5fPltPwokRcm5MBP4AhO4,"66 Broadway Ste 4, Staten Island, NY 10310, USA","{'latitude': 40.6395341, 'longitude': -74.11816929999999}","{'text': 'Essential Embroidery', 'languageCode': 'en'}",http://essentialembroidery.com/
places/ChIJmx2_MtC1w4kRaG1yVwg07Us,"250 Woodbridge Center Dr, Woodbridge, NJ 07095, USA","{'latitude': 40.5565795, 'longitude': -74.29902489999999}","{'text': 'Prints & Stitches', 'languageCode': 'en'}",
places/ChIJCSqrgx26w4kRRER0Hh2e52E,"193 North Ave, Plainfield, NJ 07060, USA","{'latitude': 40.618916399999996, 'longitude': -74.4205431}","{'text': 'Jesus Embroidery & Screen Printing', 'languageCode': 'en'}",http://www.jesusembroidery.com/
places/ChIJq47pbjBFwokRy281H0s33Gk,"7915 7th Ave, Brooklyn, NY 11228, USA","{'latitude': 40.6231194, 'longitude': -74.01910579999999}","{'text': 'Signatures by ML Inc', 'languageCode': 'en'}",http://signaturesbyml.com/
places/ChIJx_DDQA3Pw4kR9q-MtrMM8Ic,"755 Rt-18, East Brunswick, NJ 08816, USA","{'latitude': 40.423018899999995, 'longitude': -74.3819583}","{'text': 'Flexy Custom Apparel', 'languageCode': 'en'}",http://www.flexyus.com/
places/ChIJHYHgNWKxw4kRWZILQSeRN5Q,"45 Brant Ave Ste.#8, Clark, NJ 07066, USA","{'latitude': 40.6238911, 'longitude': -74.3044067}","{'text': 'Jabs Personal Stitch Inc', 'languageCode': 'en'}",
places/ChIJuVaS61tMwokRbtnqnupbtWg,"1652 Richmond Ave, Staten Island, NY 10314, USA","{'latitude': 40.608257699999996, 'longitude': -74.16368059999999}","{'text': 'TeeStyles Embroidery & Screen Printing', 'languageCode': 'en'}",https://teestyles.com/
places/ChIJaSaWf9q3w4kR3DX5f3T25tE,"23 Adams St, Metuchen, NJ 08840, USA","{'latitude': 40.539486200000006, 'longitude': -74.3706867}","{'text': 'AbiliTees Unlimited, Inc.', 'languageCode': 'en'}",http://www.abilitees.com/
places/ChIJeSREhYqzw4kRAtRweD27Kys,"689 Jaques Ave, Rahway, NJ 07065, USA","{'latitude': 40.6000194, 'longitude': -74.2860864}","{'text': 'P J Screening & Embroidery Llc', 'languageCode': 'en'}",http://www.pjscreenprinting.com/
places/ChIJZzvPbjBFwokRsqw3Lz_9V2c,"5824 13th Ave, Brooklyn, NY 11219, USA","{'latitude': 40.6295812, 'longitude': -73.9979761}","{'text': 'LAX Embroidery', 'languageCode': 'en'}",http://www.laxembroidery.com/
places/ChIJadHuAj61w4kRX2du5z5EAUE,"11 Brick Ct, Staten Island, NY 10309, USA","{'latitude': 40.5384086, 'longitude': -74.24128019999999}","{'text': 'Siink Nyc', 'languageCode': 'en'}",
places/ChIJZSTO-0hDwokRL4GQZAd7K-s,"6315 Mill Ln, Brooklyn, NY 11234, USA","{'latitude': 40.6192626, 'longitude': -73.9155581}","{'text': 'New Age Embroidery And Screen Printing', 'languageCode': 'en'}",
places/ChIJMwUzwxyzw4kRGqyZPmEPfsc,"103 N Wood Ave, Linden, NJ 07036, USA","{'latitude': 40.63068380000001, 'longitude': -74.2526156}","{'text': 'QwertyDirect Printing & Embroidery', 'languageCode': 'en'}",
places/ChIJTzWy3EVFwokRmbrbFg0lhHY,"7919 7th Ave, Brooklyn, NY 11228, USA","{'latitude': 40.623036299999995, 'longitude': -74.0191282}","{'text': 'World Imprints', 'languageCode': 'en'}",
places/ChIJ__-DZqezw4kRWbgvjykJbv0,"316 Dalziel Rd, Linden, NJ 07036, USA","{'latitude': 40.623163, 'longitude': -74.2654132}","{'text': 'Pro Embroidery Plus', 'languageCode': 'en'}",
places/ChIJKSRUjXRNwokRovSq1QLrM9Q,"562 Bayway, Elizabeth, NJ 07202, USA","{'latitude': 40.6454391, 'longitude': -74.21384330000001}","{'text': 'J & V Embroidery & Printing', 'languageCode': 'es'}",
places/ChIJUeYPVPTJw4kRe1UI2y0hD78,"550 Hartle St Suite A, Sayreville, NJ 08872, USA","{'latitude': 40.450505799999995, 'longitude': -74.35517329999999}","{'text': 'Elite Custom Apparel', 'languageCode': 'en'}",https://elitecustomapparelnj.com/
places/ChIJU2mdSEG1w4kRySOkD1Mhb9o,"1260 St Georges Ave, Avenel, NJ 07001, USA","{'latitude': 40.5819799, 'longitude': -74.2932145}","{'text': 'The Marketing Rail - Print Shop For Custom Shirts & More', 'languageCode': 'en'}",http://themarketingrail.com/
places/ChIJJ09Qvd_Qw4kRCJGE9ZwOIy0,"65 Wilson Ave, Manalapan Township, NJ 07726, USA","{'latitude': 40.3098998, 'longitude': -74.3602607}","{'text': 'Coby Graphics', 'languageCode': 'en'}",https://cobygraphics.com/
places/ChIJ2dJ3toBLwokRboMfKcWTv0g,"2655 Richmond Ave, Staten Island, NY 10314, USA","{'latitude': 40.5817528, 'longitude': -74.16546819999999}","{'text': 'Embroidery Creations', 'languageCode': 'en'}",https://www.embroideryshopstatenisland.com/
places/ChIJOQeglJFNwokRso8ebx8o5Tg,"2315 Richmond Ave, Staten Island, NY 10314, USA","{'latitude': 40.591282, 'longitude': -74.1640461}","{'text': 'Embroidery Creations', 'languageCode': 'en'}",https://embroideryshopstatenisland.com/
places/ChIJq6oG_CVawokRLdaduADgBf0,"Appoinment Only, 108 Madison St, New York, NY 10002, USA","{'latitude': 40.712053999999995, 'longitude': -73.9951466}","{'text': 'JB Screen Printing & Embroidery', 'languageCode': 'en'}",http://www.jbprintny.com/
places/ChIJswWitMhEwokReKGzY1xQF40,"1396 Coney Island Ave, Brooklyn, NY 11230, USA","{'latitude': 40.6234665, 'longitude': -73.96518929999999}","{'text': 'Embroider a Gift', 'languageCode': 'en'}",
places/ChIJmRWEpe_Gw4kRSHlLfbksgHI,"873 Hamilton St, Somerset, NJ 08873, USA","{'latitude': 40.488613199999996, 'longitude': -74.480886}","{'text': ""Lorraine's Junior Department Store"", 'languageCode': 'en'}",http://lorrainesembroidery.com/
places/ChIJ6xDLj_1NwokROiAIYdRh4B4,"former location, 172 Broadway, Bayonne, NJ 07002, USA","{'latitude': 40.6520114, 'longitude': -74.1280006}","{'text': 'Mark Sportswear Screen Printing & Embroidery', 'languageCode': 'en'}",http://www.marksportswear.com/
places/ChIJPz8Go2PUw4kRgZ08bB2weR8,"588 Park Ave, Freehold, NJ 07728, USA","{'latitude': 40.2485298, 'longitude': -74.2707143}","{'text': 'Morales Embroidery & Screen Printing LLC', 'languageCode': 'en'}",http://www.moralesembroidery.com/
places/ChIJ9xCIr7JKwokRpGjZoB_CL1E,"280 Page Ave, Staten Island, NY 10307, USA","{'latitude': 40.516881399999995, 'longitude': -74.2346652}","{'text': 'Legends Sporting Goods / GothamOutfitters.com', 'languageCode': 'en'}",
places/ChIJCSv18axZwokR8DMn38zjo-Q,"256 W 38th St 1st fl, New York, NY 10018, USA","{'latitude': 40.754236, 'longitude': -73.990798}","{'text': 'Jonathan Embroidery Plus', 'languageCode': 'en'}",http://www.jeplus.com/
places/ChIJLXM4_7ZLwokRXd2DX6sut2I,"2655 Richmond Ave, Staten Island, NY 10314, USA","{'latitude': 40.582690799999995, 'longitude': -74.1661953}","{'text': 'Custom Apparel Company', 'languageCode': 'en'}",
places/ChIJla3Xzq9ZwokRqvyjw2aHIro,"222 W 30th St, New York, NY 10001, USA","{'latitude': 40.748748, 'longitude': -73.99369}","{'text': 'Embroidery Place', 'languageCode': 'en'}",http://www.embroideryplace.org/
places/ChIJpx0mZZXGw4kRCXcOZW286pU,"56 School Ave, Somerset, NJ 08873, USA","{'latitude': 40.482817499999996, 'longitude': -74.4869764}","{'text': 'Jersey Fresh Embroidery', 'languageCode': 'en'}",http://www.embroidery-nj.com/
places/ChIJVUxdf4A1wokRh1-LW4lI1to,"319 Main St # B4, Keansburg, NJ 07734, USA","{'latitude': 40.4404816, 'longitude': -74.1307401}","{'text': 'Emb clinic llc', 'languageCode': 'en'}",
places/ChIJ5Rp1iKxZwokRIk1ldIyuyYI,"sub cellar, 1430 Broadway, New York, NY 10018, USA","{'latitude': 40.7539398, 'longitude': -73.9865382}","{'text': 'The Embroidery House and Son', 'languageCode': 'en'}",https://embroideryhouseandson.com/
places/ChIJR-B1wPuyw4kRRPPmt56iK-c,"5 Newcomb Pl, Elizabeth, NJ 07202, USA","{'latitude': 40.6573329, 'longitude': -74.22850199999999}","{'text': 'Uniform Creations', 'languageCode': 'en'}",http://www.uniformcreations.com/
places/ChIJH0DnjkJFwokR9anheYvUqVw,"3694 Nostrand Ave, Brooklyn, NY 11229, USA","{'latitude': 40.5939093, 'longitude': -73.9409648}","{'text': 'Print shop Brooklyn', 'languageCode': 'en'}",http://www.printxprinting.com/
places/ChIJa6uerxnfw4kR4abf-KZ7WOk,"177 Mercer St, Hightstown, NJ 08520, USA","{'latitude': 40.2674301, 'longitude': -74.5265474}","{'text': 'Stitches-n-Ink', 'languageCode': 'en'}",http://www.stitches-n-ink.com/
places/ChIJ4QJqTG9NwokRX-L902P0B-8,"651 Kapkowski Rd, Elizabeth, NJ 07201, USA","{'latitude': 40.6607389, 'longitude': -74.1725525}","{'text': 'CUSTOM TEES', 'languageCode': 'en'}",https://www.instagram.com/customizeurstuff/
places/ChIJl1z6yfS5w4kR_siAKkFSUBQ,"12 Washington Ave, Plainfield, NJ 07060, USA","{'latitude': 40.6159038, 'longitude': -74.4287214}","{'text': 'NJ Printing & Embroidery LLC', 'languageCode': 'en'}",http://www.njprintingllc.com/
places/ChIJE4-QqW7Vw4kRdsiwa3-m1ow,"3710 US-9, Freehold, NJ 07728, USA","{'latitude': 40.2518545, 'longitude': -74.29986579999999}","{'text': 'Custom Land', 'languageCode': 'en'}",
places/ChIJ6-_Qc1E3wokR3wzWxdG66KI,"515 NJ-36, Belford, NJ 07718, USA","{'latitude': 40.422121499999996, 'longitude': -74.0952748}","{'text': 'Zeeks Tees', 'languageCode': 'en'}",http://zeekstees.com/
places/ChIJsX46uKIDw4kRPJ4DKnDjKCM,"143 Newark Pompton Turnpike, Pequannock Township, NJ 07440, USA","{'latitude': 40.9464231, 'longitude': -74.28706389999999}","{'text': 'Initial Encounter Embroidery', 'languageCode': 'en'}",http://www.initialencounter.com/
places/ChIJUxJNx386sG0RX5UGyvRJW_A,"398 Kings Hwy, Brooklyn, NY 11223, USA","{'latitude': 40.6042868, 'longitude': -73.9751975}","{'text': 'Brooklyn Affordable Screen Printing', 'languageCode': 'en'}",https://brooklynaffordablescreenprinting.com/
places/ChIJQ8Sv-axZwokRaAfr-HC6f2E,"247 W 37th St Floor 11, New York, NY 10018, USA","{'latitude': 40.7540233, 'longitude': -73.9913332}","{'text': 'Trimworld Inc. New York Embroidery', 'languageCode': 'en'}",https://trimworldnyc.com/
places/ChIJBXQGCj61w4kRyrvLeeMZzlc,"680 Sharrotts Rd # 6, Staten Island, NY 10309, USA","{'latitude': 40.538456499999995, 'longitude': -74.2405189}","{'text': 'X-Treme Signs & Graphix', 'languageCode': 'en'}",
places/ChIJ0QIocjhFwokRen7T4-qNdTM,"6509 11th Ave, Brooklyn, NY 11219, USA","{'latitude': 40.628217, 'longitude': -74.005915}","{'text': 'USATees.com', 'languageCode': 'en'}",http://www.usatees.com/
places/ChIJ8Yw0SrW5w4kRRIXwEpNWOSM,"1324 New Market Ave, South Plainfield, NJ 07080, USA","{'latitude': 40.5805121, 'longitude': -74.431252}","{'text': 'Aka Incorporated', 'languageCode': 'en'}",http://akaincorporated.com/
places/ChIJWe9gy_p-wYkRp9yJbRtr2lw,"9 Terrence Terrace, Freehold, NJ 07728, USA","{'latitude': 40.2758507, 'longitude': -74.26839}","{'text': 'Game Time Apparel', 'languageCode': 'en'}",https://gtsportsapparel.com/
places/ChIJcenMfCSyw4kRmGl9gLTgONQ,"11 N Ave E, Cranford, NJ 07016, USA","{'latitude': 40.656002199999996, 'longitude': -74.3033532}","{'text': ""Think D'sign Print"", 'languageCode': 'en'}",https://www.tdpnj.com/
places/ChIJlyMGuV3Uw4kR4biQDD9zdCk,"17 Elm St #19, Freehold, NJ 07728, USA","{'latitude': 40.2581349, 'longitude': -74.2723455}","{'text': 'Dolly Screenprinting', 'languageCode': 'en'}",https://www.dollyscreenprinting.com/
places/ChIJA9e6c-O3w4kRQuSX-ypYV7E,"33 S Wood Ave, Iselin, NJ 08830, USA","{'latitude': 40.5650068, 'longitude': -74.3288242}","{'text': 'APPAREL 360 - Custom T-Shirts and Apparel Printing', 'languageCode': 'en'}",https://apparel.webway360.com/
places/ChIJQcWmBthArQIR9uwrYYXBz9U,"443 NJ-34 Ste M, Matawan, NJ 07747, USA","{'latitude': 40.421901399999996, 'longitude': -74.2629116}","{'text': 'Screen Printing New Jersey', 'languageCode': 'en'}",https://screenprintnewjersey.com/
places/ChIJF5yeH6hZwokRsfKh_-lZfFg,"114 E 28th St, New York, NY 10016, USA","{'latitude': 40.7428251, 'longitude': -73.9834}","{'text': 'Custom Village Design', 'languageCode': 'en'}",http://www.customvillagedesign.com/
places/ChIJbesq5rRPwokRYnKGclE-AG8,"6833 Amboy Rd, Staten Island, NY 10309, USA","{'latitude': 40.519257599999996, 'longitude': -74.2296942}","{'text': 'Three Sons Printing', 'languageCode': 'en'}",http://www.threesonsprinting.com/
places/ChIJm1geJBK3w4kRfJXHKLgJMjs,"33 S Wood Ave, Iselin, NJ 08830, USA","{'latitude': 40.5650068, 'longitude': -74.3288242}","{'text': 'The Stitch N Print Store - Screen Printing & Embroidery Shop', 'languageCode': 'en'}",https://thestitchnprintstore.com/
places/ChIJ4bIgPOBbwokRSey_JxL_YCg,"167 Havemeyer St, Brooklyn, NY 11211, USA","{'latitude': 40.710997899999995, 'longitude': -73.9577481}","{'text': 'Stitch Well', 'languageCode': 'en'}",http://stitchwellnyc.com/
places/ChIJTaFPRmhbwokRlQ34FJQNkkU,"1379a Nostrand Ave, Brooklyn, NY 11226, USA","{'latitude': 40.653056299999996, 'longitude': -73.94966769999999}","{'text': 'Uniform Palace Embroidery Shop', 'languageCode': 'en'}",http://theuniformpalace.com/
places/ChIJFyVBshNbwokRCQs7cZMs_Nk,"29 Lamont Ct, Brooklyn, NY 11225, USA","{'latitude': 40.6633395, 'longitude': -73.9439355}","{'text': 'Lev Impressions', 'languageCode': 'en'}",https://levimpressions.com/
places/ChIJpZi-FtVawokRi0eEfYrzoB8,"3915 14th Ave, Brooklyn, NY 11218, USA","{'latitude': 40.6388025, 'longitude': -73.9842082}","{'text': 'Best Embroidery Co', 'languageCode': 'en'}",http://www.bestembroidery.net/
places/ChIJub4jORFbwokRdy4hjzw14bg,"80 Manhattan Ave, Brooklyn, NY 11206, USA","{'latitude': 40.7051647, 'longitude': -73.94433149999999}","{'text': 'arena embroidery incorporated', 'languageCode': 'en'}",
places/ChIJmS6V1nMvwokRsBh-6l68-nY,"286 NJ-35, Eatontown, NJ 07724, USA","{'latitude': 40.2808078, 'longitude': -74.04809259999999}","{'text': 'Imprint Shop', 'languageCode': 'en'}",https://imprintshoponline.com/
places/ChIJL8npm81bwokRbX2Ksm2b76Q,"44 Hoyt St, Brooklyn, NY 11201, USA","{'latitude': 40.6893692, 'longitude': -73.9861684}","{'text': 'BK -Embroidery', 'languageCode': 'en'}",https://bk-embroidery.com/
places/ChIJnXb_RWhbwokRAVFJ3hTn5Zo,"1380 Nostrand Ave, Brooklyn, NY 11226, USA","{'latitude': 40.653074, 'longitude': -73.9499487}","{'text': 'PRINTNCHILL', 'languageCode': 'en'}",
places/ChIJOSa1HI1bwokRq8O1X03XIns,"147 Front St #223, Brooklyn, NY 11201, USA","{'latitude': 40.7025331, 'longitude': -73.9870364}","{'text': 'Klein Designs', 'languageCode': 'en'}",
places/ChIJ8xLXL1tbwokR1hReeczSvsA,"1055 Pacific St, Brooklyn, NY 11238, USA","{'latitude': 40.6791499, 'longitude': -73.95835749999999}","{'text': 'The Factory Boutique', 'languageCode': 'en'}",https://www.thefactoryb.com/
places/ChIJYf9tBMJbwokRslwySeg4WCA,"535 Kent Ave #509, Brooklyn, NY 11249, USA","{'latitude': 40.705271499999995, 'longitude': -73.9674713}","{'text': 'E Custom Wear', 'languageCode': 'en'}",http://www.ecustomwear.com/
places/ChIJuZsSbI9bwokRClTprX6sQuM,"534 3rd Ave, Brooklyn, NY 11215, USA","{'latitude': 40.6693163, 'longitude': -73.9930795}","{'text': 'Aesthetic BK LLC', 'languageCode': 'en'}",http://aestheticbk.com/
places/ChIJzRNqgvJfwokR74krhY19QQs,"1086 Myrtle Ave, Brooklyn, NY 11221, USA","{'latitude': 40.6966481, 'longitude': -73.93714229999999}","{'text': 'Tog Maker LLC', 'languageCode': 'en'}",http://togmaker.com/
places/ChIJT8s0RKpbwokRuHSkBP0tDE0,"80 Broad St, New York, NY 10004, USA","{'latitude': 40.7043392, 'longitude': -74.0117909}","{'text': 'The Stitch N Print Store - Screen Printing & Embroidery Shop', 'languageCode': 'en'}",https://thestitchnprintstore.com/
places/ChIJ5eIPC_hYwokRulpZXrbsAu0,"1697 Broadway #302, New York, NY 10019, USA","{'latitude': 40.763629, 'longitude': -73.9830781}","{'text': 'BCCO NYC : Same Day / Rush Custom Printed T-shirts NYC', 'languageCode': 'en'}",https://www.bcconyc.deco-apparel.com/
places/ChIJQxok-KxawokRqedVhwXo-1w,"4620 2nd Ave, Brooklyn, NY 11232, USA","{'latitude': 40.651109700000006, 'longitude': -74.015284}","{'text': 'United Apparel & Promos', 'languageCode': 'en'}",http://www.unitedaap.com/
places/ChIJM_GX36fTw4kRStdTI1e5tEQ,"11 Heron Dr, Marlboro, NJ 07746, USA","{'latitude': 40.3086013, 'longitude': -74.2666897}","{'text': 'High Top Designs', 'languageCode': 'en'}",http://www.hightopdesigns.com/
places/ChIJdR2BJd5NwokRXQZhHEA940Q,"25 Rector St, Staten Island, NY 10310, USA","{'latitude': 40.636580699999996, 'longitude': -74.1277033}","{'text': 'Major League Screen Printing', 'languageCode': 'en'}",http://www.imprintablefashion.com/majorleague
places/ChIJJXN1SfTRw4kRZPeJEjlW25A,"5 Eliot Ct, Morganville, NJ 07751, USA","{'latitude': 40.3488125, 'longitude': -74.314825}","{'text': 'Promotional Printing Services', 'languageCode': 'en'}",
places/ChIJwYE5uv9bwokRscMSCsuaEsg,"610 New York Ave, Brooklyn, NY 11203, USA","{'latitude': 40.6594705, 'longitude': -73.94775709999999}","{'text': 'The Print Shop', 'languageCode': 'en'}",http://www.printshap.com/
places/ChIJ_dzRan9dwokRUpe6tvIm4HA,"949 Remsen Ave, Brooklyn, NY 11236, USA","{'latitude': 40.645468, 'longitude': -73.911303}","{'text': 'Brooklyn Embroidery & Printing', 'languageCode': 'en'}",https://www.broemb.com/
places/ChIJYalKxRdhwokRBLQ3LKucqhM,"47-01 Van Dam St Suite 102, Long Island City, NY 11101, USA","{'latitude': 40.74371500000001, 'longitude': -73.9337371}","{'text': 'Expressions Embroidery', 'languageCode': 'en'}",https://embroiderynyc.com/
places/ChIJMwY3Q2NdwokROoNstnNRirk,"33 Weirfield St, Brooklyn, NY 11221, USA","{'latitude': 40.6869745, 'longitude': -73.9154349}","{'text': 'Four Hands Embroidery', 'languageCode': 'en'}",https://www.fourhandsembroidery.com/
places/ChIJw3ylSb5fwokR752ZNQDXMeU,"9914 Northern Blvd, Corona, NY 11368, USA","{'latitude': 40.757034, 'longitude': -73.868887}","{'text': 'Northern Apparel', 'languageCode': 'en'}",http://www.northernmas.com/
places/ChIJ2V06CSFcwokRTyhV-1s2Jc8,"17 Lawton St, Brooklyn, NY 11221, USA","{'latitude': 40.6951393, 'longitude': -73.93112099999999}","{'text': 'All Star Screenprinting and Embroidery', 'languageCode': 'en'}",
places/ChIJWWaYna1ZwokRRx_UJXrR7YY,"307 W 36th St. 3rd Floor, New York, NY 10018, USA","{'latitude': 40.753898899999996, 'longitude': -73.9929995}","{'text': 'New York Embroidery Studio', 'languageCode': 'en'}",http://www.nyes.co/
places/ChIJqx30ZJtcwokRWoqwfDEt_rI,"863 Clarkson Ave, Brooklyn, NY 11203, USA","{'latitude': 40.656829300000005, 'longitude': -73.92962399999999}","{'text': 'Embroidery King', 'languageCode': 'en'}",
places/ChIJiTUG8DxawokRz0Mnjw1qGhw,"109 Lafayette St #302, New York, NY 10013, USA","{'latitude': 40.7179576, 'longitude': -74.00074599999999}","{'text': ""Any Body's Custom Design Embroidery"", 'languageCode': 'en'}",http://www.abcde-embroidery.com/
places/ChIJ-3_cRJ1ewokRyNJ4ckDrn_Y,"66-95 Forest Ave, Ridgewood, NY 11385, USA","{'latitude': 40.7046584, 'longitude': -73.9018001}","{'text': 'Planet Embroidery NYC', 'languageCode': 'en'}",http://www.planetembroiderynyc.com/
places/ChIJtXVDbZpZwokRZL5PgClmJrQ,"37 Greenpoint Ave #415, Brooklyn, NY 11222, USA","{'latitude': 40.7299565, 'longitude': -73.9589895}","{'text': 'General Wear Inc.', 'languageCode': 'en'}",http://www.generalwearinc.com/
places/ChIJ479WYRpYwokRLCHVuqui9hw,"540 56th St, West New York, NJ 07093, USA","{'latitude': 40.787135, 'longitude': -74.01938}","{'text': 'JS EMBROIDERY', 'languageCode': 'en'}",
places/ChIJd46PUK9ZwokRznNe5NDSqPk,"45 W 29th St, New York, NY 10001, USA","{'latitude': 40.7465086, 'longitude': -73.9894645}","{'text': 'DREAMTRADER', 'languageCode': 'en'}",http://dreamtrader.squarespace.com/
places/ChIJkwsIsw5ewokRm1lbQplPo4U,"8801 Myrtle Ave, Glendale, NY 11385, USA","{'latitude': 40.7030945, 'longitude': -73.85859289999999}","{'text': 'Needleheads', 'languageCode': 'en'}",https://www.neeedleheadsnyc.com/
places/ChIJL_i52udZwokRlbVgYQha8j0,"104 W 40th St, New York, NY 10018, USA","{'latitude': 40.753629499999995, 'longitude': -73.98570769999999}","{'text': 'The Stitch N Print Store - Screen Printing & Embroidery Shop', 'languageCode': 'en'}",https://thestitchnprintstore.com/
places/ChIJS-yw37BZwokRhmMZ6PIypHs,"845 3rd Ave 6th floor, New York, NY 10022, USA","{'latitude': 40.7566373, 'longitude': -73.9697819}","{'text': 'The Stitch N Print Store - Screen Printing & Embroidery Shop', 'languageCode': 'en'}",https://thestitchnprintstore.com/
places/ChIJR3GYnvBdwokRCvPFuDNWpWE,"9206 95th Ave, Ozone Park, NY 11416, USA","{'latitude': 40.6864018, 'longitude': -73.84958809999999}","{'text': 'Speedy Embroidery and Printing', 'languageCode': 'en'}",http://speedyembroideryprinting.com/
places/ChIJLUQ_D6lfwokRDKqGV4PgRhM,"37-57 80th St Apt. D2, Jackson Heights, NY 11372, USA","{'latitude': 40.747932999999996, 'longitude': -73.88557}","{'text': 'Embroidery Toto', 'languageCode': 'en'}",http://www.embroiderytoto.com/
places/ChIJ1-biNGFcwokRL1d-4YfmZtY,"1533 Pitkin Ave, Brooklyn, NY 11212, USA","{'latitude': 40.6688864, 'longitude': -73.916944}","{'text': ""Julian Tee's Printing LLC"", 'languageCode': 'en'}",https://www.jteesprints.nyc/
places/ChIJf6r1CuBewokRUwF2RnEKKkI,"5202 Roosevelt Ave, Flushing, NY 11377, USA","{'latitude': 40.7440144, 'longitude': -73.91239949999999}","{'text': 'Pins & Needles Embroidery LLC', 'languageCode': 'en'}",
places/ChIJY3Pqj1lfwokRhc7q9Pm0gYA,"6350 Woodhaven Blvd, Rego Park, NY 11374, USA","{'latitude': 40.723199799999996, 'longitude': -73.86854869999999}","{'text': 'The Stitch N Print Store - Screen Printing & Embroidery Shop', 'languageCode': 'en'}",https://thestitchnprintstore.com/
places/ChIJ6R1Dv2VbwokR6svrKPby-Y0,"140 58th Street, Brooklyn Army Terminal, A Floor 8, Brooklyn, NY 11220, USA","{'latitude': 40.6441587, 'longitude': -74.0249671}","{'text': 'New York Embroidery Studio', 'languageCode': 'en'}",http://nyes.co/
places/ChIJPwamUkKtw4kRXdQpJeS56gs,"473 Mundet Pl, Hillside, NJ 07205, USA","{'latitude': 40.7009276, 'longitude': -74.2355173}","{'text': 'The Perfect Stitches', 'languageCode': 'en'}",https://www.theperfectstitches.com/
places/ChIJ4bAxzHk7wokRsJpy2m3nIeI,"51 Ave of Two Rivers, Rumson, NJ 07760, USA","{'latitude': 40.373835500000006, 'longitude': -73.99767969999999}","{'text': 'The Modern Heirloom', 'languageCode': 'en'}",
places/ChIJR1gbuUdbwokRMIJaZHrbDx0,"2129 Cortelyou Rd, Brooklyn, NY 11226, USA","{'latitude': 40.6441403, 'longitude': -73.9575073}","{'text': 'Creative Prints', 'languageCode': 'en'}",
places/ChIJSUZUfn5FwokR1dkMYxj0gfs,"1826 Bath Ave, Brooklyn, NY 11214, USA","{'latitude': 40.6032526, 'longitude': -74.00543019999999}","{'text': 'Konama Embroidery', 'languageCode': 'en'}",http://www.konama.us/
places/ChIJgwS5rDpFwokR5yPMlIOT09A,"1427 57th St, Brooklyn, NY 11219, USA","{'latitude': 40.6289781, 'longitude': -73.9936774}","{'text': 'Tova Embroidery', 'languageCode': 'en'}",http://www.tovaembroidery.com/
places/ChIJVVXl2gBcwokR6njR_v3V7_c,"257 Varet St, Brooklyn, NY 11206, USA","{'latitude': 40.7043683, 'longitude': -73.9336526}","{'text': 'Golden Stitches', 'languageCode': 'en'}",http://www.goldenstitches.com/
places/ChIJhZh-zshfwokR-V7cp0RHTuM,"73-16 Metropolitan Ave, Flushing, NY 11379, USA","{'latitude': 40.712653800000005, 'longitude': -73.8787175}","{'text': 'CT Embroidery Corp', 'languageCode': 'en'}",
places/ChIJcYRGUWFewokRkPFdB2ef4MY,"16-32 Cross Bay Blvd, Broad Channel, NY 11693, USA","{'latitude': 40.600437, 'longitude': -73.82005989999999}","{'text': 'The Stitch N Print Store', 'languageCode': 'en'}",https://thestitchnprintstore.com/?utm_source=google&utm_medium=gmb&utm_campaign=seo
places/ChIJdx8sk8VpwokR9GC0QuE0ln8,"120-04 Newport Ave, Far Rockaway, NY 11694, USA","{'latitude': 40.580487399999996, 'longitude': -73.84187399999999}","{'text': 'Old Threads', 'languageCode': 'en'}",https://oldthreads.co/
places/ChIJ94pDWzeGwYkR_xWmrmzyDVs,"1600 NJ-71 Suite 6, Belmar, NJ 07719, USA","{'latitude': 40.1749562, 'longitude': -74.0318024}","{'text': 'Coastline Custom Embroidery & Uniforms', 'languageCode': 'en'}",http://coastlinecustom.com/
places/ChIJL3abecpDwokRKSDnN7q9BkM,"2634 Gerritsen Ave, Brooklyn, NY 11229, USA","{'latitude': 40.5943074, 'longitude': -73.92710699999999}","{'text': 'Imprintedwear Inc. Screen printing and Embroidery', 'languageCode': 'en'}",http://imprintedwear.com/
places/ChIJixym7XVZwokRSv5XgSZ0z_Y,"4104 E 14th St, Brooklyn, NY 11219, USA","{'latitude': 40.5845972, 'longitude': -73.9546553}","{'text': 'sofrimstam', 'languageCode': 'en'}",https://sofrimstam.com/contact.html
places/ChIJoyZpuMpFwokRPMfnF79drbE,"3031 W 23rd St, Brooklyn, NY 11224, USA","{'latitude': 40.573187399999995, 'longitude': -73.9892466}","{'text': 'Brooklyn ImprintedWear', 'languageCode': 'en'}",http://www.brooklynimprintedwear.com/
places/ChIJT20ULhhjwokRprGktXQjAbM,"216 Franklin Ave, Franklin Square, NY 11010, USA","{'latitude': 40.7023356, 'longitude': -73.67973909999999}","{'text': 'Sew Fine Embroidery', 'languageCode': 'en'}",http://www.sewfineembroidery.com/
places/ChIJr1ddHJWKwokRPa7_ynd2tHc,"150-32 12th Rd, Whitestone, NY 11357, USA","{'latitude': 40.7899586, 'longitude': -73.81304550000002}","{'text': 'Stitches', 'languageCode': 'en'}",http://stitchesny.com/
places/ChIJKTpb8QP2wokRacAE-5MqneA,"1955 3rd Ave, New York, NY 10029, USA","{'latitude': 40.792341799999996, 'longitude': -73.94377229999999}","{'text': '109 Embroidery', 'languageCode': 'en'}",http://embroidery109.com/
places/ChIJi3SpxddYwokR5Ni1Je4FY9M,"3424 Hunters Point Ave, Long Island City, NY 11101, USA","{'latitude': 40.7386184, 'longitude': -73.9311117}","{'text': 'Vision Embroidery Inc.', 'languageCode': 'en'}",http://visionembroidery.com/
places/ChIJ11NmA1NcwokR6DsLhDFNlAk,"97-13 Jamaica Ave, Woodhaven, NY 11421, USA","{'latitude': 40.694911999999995, 'longitude': -73.848153}","{'text': 'RIVERA PRINTS INC', 'languageCode': 'en'}",http://www.riveraprints.com/
places/ChIJRQ8CuutkwokRaXPgvoh6xDM,"68 Lloyd Ave, Lynbrook, NY 11563, USA","{'latitude': 40.6490946, 'longitude': -73.6808941}","{'text': 'Southshore Embroidery Works', 'languageCode': 'en'}",
places/ChIJoZLj5YlkwokRyEhGod6SUNo,"Next door to Chase, 2034 Green Acres Mall, Sunrise Hwy, Valley Stream, NY 11581, USA","{'latitude': 40.6622141, 'longitude': -73.71944300000001}","{'text': 'Four Kings', 'languageCode': 'en'}",http://www.fourkingsltd.com/
places/ChIJ8fBrehZvwokR6TqVVqpj5mw,"77 Nebraska St, Long Beach, NY 11561, USA","{'latitude': 40.587064399999996, 'longitude': -73.6887769}","{'text': 'Sterling Printing & Embroidery', 'languageCode': 'en'}",https://www.companycasuals.com/SterlingEmbroidery/start.jsp
places/ChIJvd2vCKeTnE0R3-lxLrRsVaQ,"122-21 111th Ave, South Ozone Park, NY 11420, USA","{'latitude': 40.681598199999996, 'longitude': -73.81797639999999}","{'text': 'M & R Impressions, LLC', 'languageCode': 'en'}",
places/ChIJt41JpzpnwokREwjRxyCQXc0,"111-12 Atlantic Ave Suite #3, South Richmond Hill, NY 11419, USA","{'latitude': 40.691952, 'longitude': -73.83428769999999}","{'text': ""Lulu's Kreations"", 'languageCode': 'en'}",https://luluskreations.com/
places/ChIJr7c-MotXf4QR3g_0eVI-VbQ,"90-18 Liberty Ave, Ozone Park, NY 11417, USA","{'latitude': 40.6798571, 'longitude': -73.84805899999999}","{'text': 'Top Tier Print Lab', 'languageCode': 'en'}",http://toptierprintlab.com/
places/ChIJxzd1k2B7wokR13-ZF369oSc,"191 B N Long Beach Rd, Rockville Centre, NY 11570, USA","{'latitude': 40.660334299999995, 'longitude': -73.6292584}","{'text': 'SST Custom Embroidery', 'languageCode': 'en'}",
places/ChIJe4hDR6l6wokRF9cnZ8d_gGc,"49 Forester St, Long Beach, NY 11561, USA","{'latitude': 40.5921506, 'longitude': -73.6463164}","{'text': 'L B Embroidery', 'languageCode': 'en'}",
places/ChIJw6k7vDl7wokRdVTM_T338yE,"2782 Long Beach Rd, Oceanside, NY 11572, USA","{'latitude': 40.643926, 'longitude': -73.6396724}","{'text': 'Promowear - Screen Printing & Embroidery', 'languageCode': 'en'}",http://www.promowear.com/
places/ChIJbxdatXB7wokRuU1hWpd_O34,"2436 Grand Ave, Baldwin, NY 11510, USA","{'latitude': 40.651198099999995, 'longitude': -73.6123413}","{'text': 'ShirtiCap Screen Printing & Embroidery/DTF/vinyl', 'languageCode': 'en'}",https://www.shirticap.com/
places/ChIJ_y00XDBFwokR9u0ROnuSAMw,"926 70th St, Brooklyn, NY 11228, USA","{'latitude': 40.627983799999996, 'longitude': -74.01265049999999}","{'text': 'Dreambor', 'languageCode': 'en'}",http://dreambor.com/
places/ChIJR0Le1-ZdwokRWWvdezc9-LA,"134-02 Cross Bay Blvd, Ozone Park, NY 11417, USA","{'latitude': 40.674231999999996, 'longitude': -73.84354619999999}","{'text': 'NDO PRINTS', 'languageCode': 'en'}",http://www.ndoprints.com/
places/ChIJn2DOYn9bwokRTdRsx7qVqRc,"274 E 52nd St, Brooklyn, NY 11203, USA","{'latitude': 40.6543631, 'longitude': -73.928862}","{'text': 'Shirt Mavens', 'languageCode': 'en'}",http://www.shirtmavens.com/
places/ChIJW881LvhEwokRz7G00uEFASI,"335 Avenue U, Brooklyn, NY 11223, USA","{'latitude': 40.5972432, 'longitude': -73.9719081}","{'text': 'Stitches', 'languageCode': 'en'}",http://www.smstitches.com/
places/ChIJg8eFEd96wokRghHAcAs6XDo,"396 Brown Ct, Oceanside, NY 11572, USA","{'latitude': 40.624025599999996, 'longitude': -73.6524884}","{'text': 'New Era Apparel + Screen Printing', 'languageCode': 'en'}",http://newerashirts.com/
places/ChIJjxi5j49kwokRBLSHnaxhKYg,"201 E Merrick Rd Suite 3, Valley Stream, NY 11580, USA","{'latitude': 40.663266, 'longitude': -73.6911018}","{'text': 'SwagShip', 'languageCode': 'en'}",http://www.swagship.com/
places/ChIJpzkHEX5bwokR3TC7LkvTP3M,"274 E 52nd St, Brooklyn, NY 11203, USA","{'latitude': 40.6543631, 'longitude': -73.928862}","{'text': 'I Can Print 4 U', 'languageCode': 'en'}",http://www.icanprint4u.com/
places/ChIJ4dd-rpB9wokRzUbi2Xuz7Dk,"1000 Front St Unit#382, Uniondale, NY 11553, USA","{'latitude': 40.709195699999995, 'longitude': -73.59335999999999}","{'text': 'Embroidery By SnapShots', 'languageCode': 'en'}",https://10000cards.com/card/daniel-sanchez
places/ChIJKaygnO5-wokRx9xgnI-zVOA,"1921 Bellmore Ave, North Bellmore, NY 11710, USA","{'latitude': 40.6767683, 'longitude': -73.5295895}","{'text': 'Stitch This Print That', 'languageCode': 'en'}",http://www.stitchthisprintthat.com/
places/ChIJB6hbXVJ-wokRCJUzu13aDkk,"18 Disc Ln, Wantagh, NY 11793, USA","{'latitude': 40.6963481, 'longitude': -73.51584369999999}","{'text': 'Jorali Designs', 'languageCode': 'en'}",http://joralidesigns.com/
places/ChIJOW5xXphwcVMRaO1lYLOxdWg,"7031 18 St SE, Calgary, AB T2C 1K2, Canada","{'latitude': 50.9897336, 'longitude': -114.01575779999999}","{'text': 'Embroidery Classics', 'languageCode': 'en'}",http://www.embroideryclassics.ca/
places/ChIJkYu5B1x6cVMR0LcPc8RkEVw,"4816 35b St SE #6, Calgary, AB T2B 3N1, Canada","{'latitude': 51.0120252, 'longitude': -113.97764989999999}","{'text': 'Instant Embroidery', 'languageCode': 'en'}",http://www.instantembroidery.ca/
places/ChIJCY4lUvNlcVMRTHZqcDWUjuo,"5718 Brenner Crescent NW, Calgary, AB T2L 1Z4, Canada","{'latitude': 51.1064687, 'longitude': -114.1366434}","{'text': 'Embroidery Digitizing Services', 'languageCode': 'en'}",http://www.digitizingzone.com/
places/ChIJT2Wa9T1pcVMRq-w25cHXfxs,"294 Rocky Ridge Dr NW, Calgary, AB T3G 4P4, Canada","{'latitude': 51.1424837, 'longitude': -114.2463185}","{'text': 'S & L Embroidery', 'languageCode': 'en'}",
places/ChIJS29WXPyyxokRneeXCJZ_mwA,"2727 Commerce Way, Philadelphia, PA 19154, USA","{'latitude': 40.112252, 'longitude': -74.97905}","{'text': 'RushOrderTees', 'languageCode': 'en'}",https://www.rushordertees.com/
places/ChIJX67LLp9_wokRehwiNkpTEqs,"1589 Fletcher Ave, North Merrick, NY 11566, USA","{'latitude': 40.6801428, 'longitude': -73.5534373}","{'text': 'Sunshine Embroidery', 'languageCode': 'en'}",https://www.sunshineembroid.com/
places/ChIJM_lw3w17cVMRLcU0XpFF0Gw,"2410 2 Ave SE i, Calgary, AB T2E 6J9, Canada","{'latitude': 51.0505867, 'longitude': -114.00430790000001}","{'text': 'Fully Promoted Calgary Central', 'languageCode': 'en'}",https://shop.fullypromoted.ca/home.jhtm?promocode=CalgaryCentral-AB
places/ChIJTSi6OYJ9wokRqRTzQ3wo0aQ,"74 Main St A, Hempstead, NY 11550, USA","{'latitude': 40.7089828, 'longitude': -73.624634}","{'text': 'Benjamin The Embroidery Shop', 'languageCode': 'en'}",https://benjamintheembroideryshop.com/
places/ChIJe7e2B29pcVMRf6DdUaxU46o,"62 Royal Ridge Hill NW, Calgary, AB T3G 4T9, Canada","{'latitude': 51.141474099999996, 'longitude': -114.22054490000001}","{'text': 'Darl Embroidery', 'languageCode': 'en'}",
places/ChIJSZAHg4eHwokRa9lG2sJFJPw,"630 Old Country Rd Unit C317, Garden City, NY 11530, USA","{'latitude': 40.7399709, 'longitude': -73.61357579999999}","{'text': 'Stitch It', 'languageCode': 'en'}",
places/ChIJY7wot9d8wokRGIwl5QwkipM,"180 Hempstead Turnpike, West Hempstead, NY 11552, USA","{'latitude': 40.7052786, 'longitude': -73.64501039999999}","{'text': 'EZ Corporate Clothing', 'languageCode': 'en'}",https://www.ezcorporateclothing.com/
places/ChIJb2GuTtZ8wokRSy1SI6_TxuY,"180 Hempstead Turnpike, West Hempstead, NY 11552, USA","{'latitude': 40.7053161, 'longitude': -73.6450207}","{'text': 'Something Greek', 'languageCode': 'en'}",https://www.somethinggreek.com/
places/ChIJ34NyJZlewokRZ2SELlWOGIo,"1519 Decatur St, Ridgewood, NY 11385, USA","{'latitude': 40.6933271, 'longitude': -73.9033342}","{'text': 'Exodus Printing Inc.', 'languageCode': 'en'}",
places/ChIJR8vfT297wokRELAhCAoeinE,"73 Dawes Ave, Lynbrook, NY 11563, USA","{'latitude': 40.6640711, 'longitude': -73.6857441}","{'text': 'Inkwell Custom Printing', 'languageCode': 'en'}",http://www.inkwellcustom.com/
places/ChIJXajk7IpdwokRMIAkz_7RN2I,"134-02 Cross Bay Blvd, Ozone Park, NY 11417, USA","{'latitude': 40.6741964, 'longitude': -73.84351939999999}","{'text': 'NDO Prints', 'languageCode': 'en'}",
places/ChIJicwBhQp7wokRSimHhQegRm0,"3580 Oceanside Rd unit 6a, Oceanside, NY 11572, USA","{'latitude': 40.624186200000004, 'longitude': -73.63469839999999}","{'text': 'The Baja Man Inc.', 'languageCode': 'en'}",http://www.newerashirts.com/
places/ChIJ3dmwOb2mw4kR4dnPv-NdmC4,"16 Pine St Suite 4, Morristown, NJ 07960, USA","{'latitude': 40.7952167, 'longitude': -74.4780006}","{'text': 'Fully Promoted Morristown, NJ', 'languageCode': 'en'}",https://fullypromoted.com/locations/morristown-nj/
places/ChIJf3mE0vmpw4kRG3FMjJVsrro,"112 Eisenhower Pkwy, Livingston, NJ 07039, USA","{'latitude': 40.7762763, 'longitude': -74.35389239999999}","{'text': 'EMBROIDERY PLACE, LIVINGSTON MALL', 'languageCode': 'en'}",http://www.udesigntees.com/
places/ChIJMRi7wENTwokRgHLQXbm0LzI,"200 Wright St, Newark, NJ 07114, USA","{'latitude': 40.7188801, 'longitude': -74.1780347}","{'text': 'JV EMBROIDERY DESIGN LLC', 'languageCode': 'en'}",http://www.jvdesignsnj.com/
places/ChIJTe6KLXBTwokRi-uc9DG3fNY,"116 Wright St, Newark, NJ 07102, USA","{'latitude': 40.720425, 'longitude': -74.1822899}","{'text': 'WB Printworks', 'languageCode': 'en'}",
places/ChIJfydcM1m1w4kRX_WZr9mVS_I,"484 Sharrotts Rd, Staten Island, NY 10309, USA","{'latitude': 40.537521, 'longitude': -74.235}","{'text': 'MTB Apparel', 'languageCode': 'en'}",http://mtbapparel.shop/
places/ChIJ95UyAyapw4kRRkJEY7l2cEM,"449 W Mt Pleasant Ave, Livingston, NJ 07039, USA","{'latitude': 40.795994, 'longitude': -74.3441301}","{'text': 'EMBROIDERY PLACE', 'languageCode': 'en'}",https://www.google.com/search?q=embroidery+place&rlz=1C1RXQR_enUS1069US1069&oq=embroidery+&aqs=chrome.0.69i59l3j69i64j69i57j69i61j69i60l2.3423j0j7&sourceid=chrome&ie=UTF-8#rlimm=4859514536539210310
places/ChIJm35Iu41TwokRpTWEGJEy0Qs,"916 Emma St, Elizabeth, NJ 07201, USA","{'latitude': 40.6688219, 'longitude': -74.2005226}","{'text': 'Yovani Designs LLC Embroidery, DTF & DTG Printing', 'languageCode': 'en'}",https://www.yovanidesigns.com/
places/ChIJp6lumRxXwokRiFJpyltCP9Y,"30 Mall Dr W, Jersey City, NJ 07310, USA","{'latitude': 40.7263987, 'longitude': -74.0386824}","{'text': 'Embroidery Newport (Engrave It 2)', 'languageCode': 'en'}",https://www.engraving.biz/
places/ChIJY8ZZl4hXwokRLTtZeOATjVE,"2907 Jeanette St, Union City, NJ 07087, USA","{'latitude': 40.772763, 'longitude': -74.0339989}","{'text': 'Imagery Embroidery Corporation', 'languageCode': 'en'}",
places/ChIJbT8sRMxVwokRpUQUxeJzdrg,"713 Kearny Ave REAR, Kearny, NJ 07032, USA","{'latitude': 40.776379999999996, 'longitude': -74.14253699999999}","{'text': ""Mr. G's Embroidery & School Uniform Store"", 'languageCode': 'en'}",http://mrgsembroidery.com/
places/ChIJZedMx4BLwokRHejnGFuqe08,"5871, 2655 Richmond Ave, Staten Island, NY 10314, USA","{'latitude': 40.5816978, 'longitude': -74.1661941}","{'text': 'Custom Tees', 'languageCode': 'en'}",
places/ChIJ-QRFwED9wokReMw29k2uPUU,"390 Union Ave Suite B, Belleville, NJ 07109, USA","{'latitude': 40.7971153, 'longitude': -74.1553058}","{'text': 'Designs By Galarza', 'languageCode': 'en'}",http://www.designsbygalarza.com/
places/ChIJNx3OpCFjwokRIvoRnqN_PLU,"940 Hempstead Turnpike, Franklin Square, NY 11010, USA","{'latitude': 40.7074846, 'longitude': -73.67498789999999}","{'text': 'Custom Monogram Shoppe', 'languageCode': 'en'}",https://www.custommonogramshoppe.com/
places/ChIJCcnxTydiwokR51K8bshf_5w,"223-20 Union Tpke, Bayside, NY 11364, USA","{'latitude': 40.735454, 'longitude': -73.7469358}","{'text': 'Sew Right Sewing Machines', 'languageCode': 'en'}",http://www.sewright.com/
places/ChIJU0aPyRZjwokR_NluIy7jN_U,"301 Nassau Blvd, Garden City South, NY 11530, USA","{'latitude': 40.714915999999995, 'longitude': -73.6612299}","{'text': 'Impact Printz', 'languageCode': 'en'}",https://www.sportswearcollection.com/impactprintz
places/ChIJS4PVdt5jwokRn8YwJZ66qPg,"By Appointment Only, 115 Lakeville Rd, New Hyde Park, NY 11040, USA","{'latitude': 40.7335955, 'longitude': -73.6877653}","{'text': 'Constantly Create Shop', 'languageCode': 'en'}",http://www.constantlycreateshop.com/
places/ChIJN5A7vzezw4kRciY_ZgA4exo,"109 Irene St, Linden, NJ 07036, USA","{'latitude': 40.6137857, 'longitude': -74.22761650000001}","{'text': 'Print Parlor', 'languageCode': 'en'}",http://printparlorshop.com/
places/ChIJTUydPeGyw4kRF6XdPuKc5Fg,"1540 W Elizabeth Ave, Linden, NJ 07036, USA","{'latitude': 40.619735299999995, 'longitude': -74.2646079}","{'text': 'InkThread', 'languageCode': 'en'}",http://inkthread.com/
places/ChIJMbKtPeGyw4kRDzeBpJDx2Ic,"1540 W Elizabeth Ave, Linden, NJ 07036, USA","{'latitude': 40.619735299999995, 'longitude': -74.2646079}","{'text': 'Stylus Apparel', 'languageCode': 'en'}",http://www.stylusapparel.com
places/ChIJOSl_ojerw4kRXEolS52Ps9E,"251 Main St, City of Orange, NJ 07051, USA","{'latitude': 40.7718863, 'longitude': -74.22819369999999}","{'text': 'COME2CUSTOM', 'languageCode': 'en'}",https://www.instagram.com/come2custom/
places/ChIJN1BTs4FLwokRyCiIXQpf6hI,"2655 Richmond Ave #1315, Staten Island, NY 10314, USA","{'latitude': 40.5815136, 'longitude': -74.16620660000001}","{'text': 'Lids', 'languageCode': 'en'}",https://www.lids.com/store/lids-staten-island-mall/sd-21573580+z-9673377-3606109428?_s=bm-LIDS-RETAIL-GMB
places/ChIJP0Esg7Cyw4kRTVHdv2lw5wE,"5 Newcomb Pl, Elizabeth, NJ 07202, USA","{'latitude': 40.6572889, 'longitude': -74.22860539999999}","{'text': 'IPC', 'languageCode': 'en'}",http://www.uniformcreations.com/
places/ChIJ-3-2B_JRwokRwlU3z-eQi6I,"9 E 31st St, Bayonne, NJ 07002, USA","{'latitude': 40.6700114, 'longitude': -74.1124753}","{'text': 'Mark Sports', 'languageCode': 'en'}",
places/ChIJERU-eM1FwokREzNymSyZqKY,"5824 13th Ave, Brooklyn, NY 11219, USA","{'latitude': 40.6295812, 'longitude': -73.9979761}","{'text': 'Custom Embroidery', 'languageCode': 'en'}",
places/ChIJ5wAME0dFwokRYnm9wkDpNTE,"2023 65th St, Brooklyn, NY 11204, USA","{'latitude': 40.6162869, 'longitude': -73.9849772}","{'text': 'Otro Level Prints', 'languageCode': 'es'}",https://otrolevelprints.com/
places/ChIJo2Fa5UhFwokRJkFwTVsubZ4,"9 Lake St, Brooklyn, NY 11223, USA","{'latitude': 40.603933999999995, 'longitude': -73.9728653}","{'text': 'Next Imprint Inc', 'languageCode': 'en'}",http://www.nextimprint.com/
places/ChIJCaZmT-xEwokRx-36canK62A,"909 Kings Hwy, Brooklyn, NY 11223, USA","{'latitude': 40.6070758, 'longitude': -73.96342539999999}","{'text': 'Lana Fabrics', 'languageCode': 'en'}",
places/ChIJmbd-nGBDwokRZ8wM_s9P-Cw,"3422 Ave. S, Brooklyn, NY 11234, USA","{'latitude': 40.6090338, 'longitude': -73.93208779999999}","{'text': ""T's Me"", 'languageCode': 'en'}",http://www.tsme.biz/contact.html
places/ChIJle4lY-NFwokR8S_JAH-f8CA,"2080 E 28th St, Brooklyn, NY 11229, USA","{'latitude': 40.6005506, 'longitude': -73.9440083}","{'text': 'Stitch N Haven', 'languageCode': 'en'}",
places/ChIJtxTqF6VcwokRCDa87DgNZmI,"5100 Kings Plz, Brooklyn, NY 11234, USA","{'latitude': 40.609746099999995, 'longitude': -73.9194486}","{'text': 'Lids', 'languageCode': 'en'}",https://www.lids.com/store/lids-kings-plaza/sd-27112880+z-9323697-1715352066?_s=bm-LIDS-RETAIL-GMB
places/ChIJfbXQ5sdbwokRhd8nYmKKJcw,"941 Hicks St Apartment 318, Brooklyn, NY 11201, USA","{'latitude': 40.6846647, 'longitude': -74.0008221}","{'text': 'Digit EMB Designs', 'languageCode': 'en'}",http://digitembdesign.com/
places/ChIJxauIMJdfwokRMtSbVShftlk,"1717 Troutman St, Ridgewood, NY 11385, USA","{'latitude': 40.7098975, 'longitude': -73.91986849999999}","{'text': 'NU Custom Embroidery & Screen Printing', 'languageCode': 'en'}",https://www.instagram.com/nuscreenprintny/?hl=en
places/ChIJweDsvDBowokRCfk3hGEWpwY,"104-02 Rockaway Beach Blvd, Rockaway Park, NY 11694, USA","{'latitude': 40.5835819, 'longitude': -73.82515579999999}","{'text': 'Nicole Frontera Beauty', 'languageCode': 'en'}",http://nicolefronterabeauty.com/
places/ChIJ0Wwo4UZowokRSHNdef8sPuU,"9119 Rockaway Beach Blvd, Rockaway Beach, NY 11693, USA","{'latitude': 40.5864353, 'longitude': -73.81516359999999}","{'text': 'Rockaway Graphics', 'languageCode': 'en'}",
places/ChIJdc3BpfJdwokRBqy2iDZHWwA,"146-04 175th St, Jamaica, NY 11434, USA","{'latitude': 40.6626271, 'longitude': -73.77197430000001}","{'text': 'The Print Palace LLC', 'languageCode': 'en'}",http://theprintpalace.org/
places/ChIJuUQukN9gwokRKRHOXoc-QHU,"109-19 153rd St, Jamaica, NY 11433, USA","{'latitude': 40.691564899999996, 'longitude': -73.79663959999999}","{'text': '22 NYC PRINT', 'languageCode': 'en'}",https://www.bh22nyc.com/
places/ChIJ15BLxmFkwokRHsdXSMk5t8Q,"51 Franklin Ave, Valley Stream, NY 11580, USA","{'latitude': 40.676569, 'longitude': -73.6819825}","{'text': 'One In A Million Inc', 'languageCode': 'en'}",http://oneinamillioninc.deco-apparel.com/
places/ChIJhfB9jiWIwokR0_SkETj80I0,"127 Albertson Ave, Albertson, NY 11507, USA","{'latitude': 40.767267, 'longitude': -73.6414102}","{'text': 'MKC Threads', 'languageCode': 'en'}",http://www.mkcthreads.com/
places/ChIJHw-74POHwokRBZafMQ7RwBM,"25A E Jericho Turnpike, Mineola, NY 11501, USA","{'latitude': 40.7507586, 'longitude': -73.63566209999999}","{'text': 'A Stitch In Time Embroidery', 'languageCode': 'en'}",
places/ChIJUegamL5iwokR6fOEVkGHW2Q,"50 Nassau Terminal Rd Suite 3, New Hyde Park, NY 11040, USA","{'latitude': 40.7337659, 'longitude': -73.6722918}","{'text': 'Artisan Silkscreen & Embroidery Inc.', 'languageCode': 'en'}",https://www.instagram.com/artisansilkscreen/
places/ChIJi5dGWk-yw4kR79F95IEA_1s,"10 Fadem Rd #2, Springfield, NJ 07081, USA","{'latitude': 40.6843686, 'longitude': -74.316807}","{'text': 'Panda Apparel LLC', 'languageCode': 'en'}",https://www.pandaimprinting.com/
places/ChIJh1U4AqhNwokRcgltL-1jGvE,"89 Grove Ave, Staten Island, NY 10302, USA","{'latitude': 40.6385727, 'longitude': -74.136292}","{'text': 'Game Related Studios', 'languageCode': 'en'}",https://gamerelatedprinting.com/
places/ChIJFWrnpY1ZwokRlUnErRG9LdI,"229 Simonson Ave, Staten Island, NY 10303, USA","{'latitude': 40.6309069, 'longitude': -74.1521292}","{'text': 'Cotton Mine', 'languageCode': 'en'}",http://www.cottonmine.com/
places/ChIJq6oWtD2tw4kRr2dbm-_Ug9s,"440 Bloy St, Hillside, NJ 07205, USA","{'latitude': 40.698654, 'longitude': -74.23878429999999}","{'text': 'Prosign Visualz', 'languageCode': 'en'}",
places/ChIJ4_E-M21OwokRcMMaWEFZUOE,"851 Castleton Ave, Staten Island, NY 10310, USA","{'latitude': 40.6349026, 'longitude': -74.11072650000001}","{'text': 'Wicked Stitches Gifts', 'languageCode': 'en'}",https://wickedstitchesgifts.com/
places/ChIJOylWJ3dOwokRwsBvQ2NCQJc,"896 Forest Ave, Staten Island, NY 10310, USA","{'latitude': 40.6284397, 'longitude': -74.1192016}","{'text': 'R&L Press Inc', 'languageCode': 'en'}",http://rlpressinc.com/
places/ChIJS-ohi7tawokR7VBcH12H9Vg,"140 58th St Building B, Unit 1G, Brooklyn, NY 11220, USA","{'latitude': 40.6455001, 'longitude': -74.0239072}","{'text': 'Apsco Screen Printing & Embroidery Sports Enterprises', 'languageCode': 'en'}",http://www.apscoenterprises.com/
places/ChIJ-XhWaDxbwokRSD7yzUb31AI,"481 Van Brunt St, Brooklyn, NY 11231, USA","{'latitude': 40.6737293, 'longitude': -74.01669120000001}","{'text': 'brooklynscreenprintingembroidery', 'languageCode': 'en'}",
places/ChIJZS3zeb9awokR3vV5npV0LhA,"140 58th St #3f, Brooklyn, NY 11220, USA","{'latitude': 40.6455164, 'longitude': -74.0237999}","{'text': 'Direct Promotions', 'languageCode': 'en'}",http://www.directpromos.com/
places/ChIJl6A6ycpbwokRHwlfGHhi9xo,"2 Prince St, Brooklyn, NY 11201, USA","{'latitude': 40.697223199999996, 'longitude': -73.98250260000002}","{'text': 'STITCH WORKS EMBROIDERY', 'languageCode': 'en'}",
places/ChIJGffd4nFbwokRylaabluY7To,"5402 4th Ave, Brooklyn, NY 11220, USA","{'latitude': 40.644265999999995, 'longitude': -74.01522}","{'text': 'Vendsor print', 'languageCode': 'en'}",https://vendsorprint.io/
places/ChIJVYzCvrtawokRoIx49GC_U38,"140 58th St #3f, Brooklyn, NY 11220, USA","{'latitude': 40.64551, 'longitude': -74.023895}","{'text': 'Royale Sporting Goods & Trophies Inc', 'languageCode': 'en'}",http://www.royalesportinggoods.com/
places/ChIJNSOlJvZbwokRRoNuKkSRi_g,"1365 39th St, Brooklyn, NY 11218, USA","{'latitude': 40.6397729, 'longitude': -73.9845066}","{'text': 'UNIBROID', 'languageCode': 'en'}",http://unibroid.com/
places/ChIJYU2MAhFbwokR5KiCCjFaeQg,"1301 40th St, Brooklyn, NY 11218, USA","{'latitude': 40.639944799999995, 'longitude': -73.9864699}","{'text': 'Wicho Screen Printing', 'languageCode': 'en'}",
places/ChIJo-zgizBFwokR4N9LL5BsBoM,"5824 13th Ave, Brooklyn, NY 11230, USA","{'latitude': 40.6295812, 'longitude': -73.9979761}","{'text': ""Moishe's Screen Printing & Embroidery"", 'languageCode': 'en'}",http://moishesscreenprinting.com/
places/ChIJId6JPP5bwokR8QI2eXjYuAE,"254 36th St b530, Brooklyn, NY 11232, USA","{'latitude': 40.6562497, 'longitude': -74.00777529999999}","{'text': 'Ampersand Print Co.', 'languageCode': 'en'}",
places/ChIJTbQycVBDwokRAnBsbnBgYs8,"50th Street & 1st Avenue, Building 57, 5th Floor, Brooklyn, NY 11232, USA","{'latitude': 40.651461999999995, 'longitude': -74.019533}","{'text': 'Big Bang Screen Printing', 'languageCode': 'en'}",http://www.bigbangscreenprinting.com/
places/ChIJs3yORehawokRzyDCAOWbMuw,"377A Webster Ave, Brooklyn, NY 11230, USA","{'latitude': 40.634395, 'longitude': -73.96809}","{'text': 'Seco Silk Screen', 'languageCode': 'en'}",
places/ChIJYePArz1FwokRzKMe-fbtTzg,"6815 New Utrecht Ave, Brooklyn, NY 11219, USA","{'latitude': 40.620706, 'longitude': -73.99835999999999}","{'text': 'Nu-Miracle Press - Wholesale & Retail Printing', 'languageCode': 'en'}",https://numiraclepress.com/
places/ChIJATNkM0NbwokRTgM8o-H44MM,"5807 4th Ave, Brooklyn, NY 11220, USA","{'latitude': 40.6416459, 'longitude': -74.0171749}","{'text': 'Renacer Craft & Fabric', 'languageCode': 'en'}",
places/ChIJh08iPf9dwokRoi6JvwBuzmQ,"5015 Avenue H, Brooklyn, NY 11234, USA","{'latitude': 40.6331488, 'longitude': -73.9277692}","{'text': 'Lord is Life Printing', 'languageCode': 'en'}",http://www.lordislifeprinting.com/
places/ChIJed9LmFRawokRTH7QzbxNlfI,"1039 east 92nd street store front, Brooklyn, NY 11236, USA","{'latitude': 40.64369990000001, 'longitude': -73.90741969999999}","{'text': 'BKNY Printing', 'languageCode': 'en'}",https://www.bknyprinting.com/
places/ChIJ01XI61GLwokRFB5OVW_im0o,"3604-B E Tremont Ave, Bronx, NY 10465, USA","{'latitude': 40.8287318, 'longitude': -73.8246334}","{'text': 'Embroidery Zone', 'languageCode': 'en'}",http://www.bxembzone.com/
places/ChIJ040jf1H1wokRglz52tV42pE,"214B Soundview Ave, Bronx, NY 10473, USA","{'latitude': 40.809888, 'longitude': -73.8551785}","{'text': 'Bronx Embroidery, Inc.', 'languageCode': 'en'}",http://nybronxembroidery.com/
places/ChIJs6M410dnwokRpxUv3nNPmMM,"114 07 177th St, Jamaica, NY 11434, USA","{'latitude': 40.6650722, 'longitude': -73.77115909999999}","{'text': 'Lion Stitch', 'languageCode': 'en'}",https://lionstitch.com/
places/ChIJPSBLobNfwokRLeMSeYELgcc,"6945 51st Ave, Woodside, NY 11377, USA","{'latitude': 40.7356884, 'longitude': -73.8946053}","{'text': 'J.L. T-Shirts Printing', 'languageCode': 'en'}",
places/ChIJ2RUV5PplwokRhQGAE-0YbBw,"130 Broadway, Lawrence, NY 11559, USA","{'latitude': 40.6097409, 'longitude': -73.7385137}","{'text': 'FiveTownsPrinting', 'languageCode': 'en'}",http://fivetownsprinting.net/
places/ChIJEY1d-Mr1wokRRFPVtwlYBgs,"772 Melrose Ave, Bronx, NY 10451, USA","{'latitude': 40.8219919, 'longitude': -73.9148266}","{'text': 'Embroidery Kingz', 'languageCode': 'en'}",
places/ChIJ32OQsTeBwokRqBFVvFaFEhE,"246 W Old Country Rd Suite #2, Hicksville, NY 11801, USA","{'latitude': 40.762014799999996, 'longitude': -73.5300529}","{'text': 'Embritch', 'languageCode': 'en'}",
places/ChIJfU-i5gWBwokRlauD_gq32b8,"25 Midland Ave, Hicksville, NY 11801, USA","{'latitude': 40.7759043, 'longitude': -73.5188324}","{'text': 'New York Embroidery & Monogramming', 'languageCode': 'en'}",http://www.nyembroidery.com/
places/ChIJn0cIbWGyw4kR-h42YDq_vd8,"122 E Westfield Ave, Roselle Park, NJ 07204, USA","{'latitude': 40.6620762, 'longitude': -74.2595867}","{'text': 'Too Many Stars', 'languageCode': 'en'}",
places/ChIJ_6-eU2wAw4kRZf2s_tGPJSw,"71 Lynwood Rd, Verona, NJ 07044, USA","{'latitude': 40.8438417, 'longitude': -74.24472039999999}","{'text': 'Jersey Embroidery and More', 'languageCode': 'en'}",
places/ChIJt9xh-TcwwokRf-FOygcDIKQ,"695 Passaic Ave, Nutley, NJ 07110, USA","{'latitude': 40.828405599999996, 'longitude': -74.1454523}","{'text': 'Embroidery by Cozy', 'languageCode': 'en'}",http://www.cozyembroidery.com/
places/ChIJ_4ln2R_6wokRYalJYK_YjF0,"107 Pink St, Hackensack, NJ 07601, USA","{'latitude': 40.8728951, 'longitude': -74.0477192}","{'text': 'Design-N-Stitch', 'languageCode': 'en'}",http://www.design-n-stitch.com/
places/ChIJB97WrI8Dw4kR4zFB35lcksg,"10 Dell Glen Ave, Lodi, NJ 07644, USA","{'latitude': 40.8795497, 'longitude': -74.0881548}","{'text': 'All-County Apparel', 'languageCode': 'en'}",http://www.allcountyapparel.com/
places/ChIJrVs3Yr_3wokREyFbUEzRxRU,"12 Commercial Ave, Fairview, NJ 07022, USA","{'latitude': 40.817443999999995, 'longitude': -74.002377}","{'text': 'CORE2PRINT', 'languageCode': 'en'}",https://www.core2print.com/
places/ChIJo5Vdf3hUwokR473W2_sBEs0,"133 Kossuth St, Newark, NJ 07105, USA","{'latitude': 40.725223, 'longitude': -74.1447041}","{'text': 'Jade Apparel Group', 'languageCode': 'en'}",https://jadeapparelgroup.com/
places/ChIJzZz6w5hTwokROKR4JGMr-3k,"274 Chestnut St, Newark, NJ 07105, USA","{'latitude': 40.723095400000005, 'longitude': -74.1638639}","{'text': 'The Print Post', 'languageCode': 'en'}",http://www.theprintpost.com/
places/ChIJVf8cVNBQwokREwd2dREHoFw,"528 Bergen Ave #4417, Jersey City, NJ 07304, USA","{'latitude': 40.7186263, 'longitude': -74.07444269999999}","{'text': 'Be The Difference Clothing- Inspirational Tees & Custom Printing', 'languageCode': 'en'}",http://www.bethedifferencellc.com/?utm_source=google&utm_medium=wix_google_business_profile&utm_campaign=3463989157756012660
places/ChIJN1TckxL2wokRUCpVSL8nEFA,"157 W 124th St, New York, NY 10027, USA","{'latitude': 40.8082495, 'longitude': -73.9479537}","{'text': 'Panguire Imprint & Embroidery inc', 'languageCode': 'en'}",
places/ChIJJ-XQ0f5RwokRlkUKgp50cV0,"15 Wilkinson Ave, Jersey City, NJ 07305, USA","{'latitude': 40.704205099999996, 'longitude': -74.07690029999999}","{'text': 'CaPo Prints LLC', 'languageCode': 'en'}",http://www.capoprints.com/
places/ChIJ521igyBXwokReI7RTfXJmvw,"922 Bergen Ave, Jersey City, NJ 07306, USA","{'latitude': 40.730422, 'longitude': -74.0645456}","{'text': 'Jays Uniform', 'languageCode': 'en'}",https://www.jayschooluniform.com/
places/ChIJA-x1QnVZwokRLkRfrorCbN8,"252 Elizabeth St, New York, NY 10012, USA","{'latitude': 40.723616, 'longitude': -73.99370499999999}","{'text': 'Abbode', 'languageCode': 'en'}",http://shopabbode.com/
places/ChIJN8d0soZZwokR4crwmUiqiKc,"151 Orchard St, New York, NY 10002, USA","{'latitude': 40.720759099999995, 'longitude': -73.98915389999999}","{'text': 'Askan', 'languageCode': 'en'}",http://www.askannyc.com/
places/ChIJ9UfqwOtbwokR6jMdr1LRP0c,"24 15th St #204, Brooklyn, NY 11215, USA","{'latitude': 40.6687035, 'longitude': -73.9961357}","{'text': 'RANDOMINKBLOT', 'languageCode': 'en'}",https://www.randominkblot.shop/
places/ChIJGaZT2B9bwokRf3nknoWu-Zw,"288 Prospect Park W, Brooklyn, NY 11215, USA","{'latitude': 40.6579567, 'longitude': -73.982896}","{'text': 'Argyle Yarn Shop in Brooklyn', 'languageCode': 'en'}",https://www.argyleyarnshop.com/index.html
places/ChIJ9e28qqlbwokRKsvQ4tTCvsU,"147 Prince St, Brooklyn, NY 11201, USA","{'latitude': 40.6928195, 'longitude': -73.98218279999999}","{'text': 'Downtown Brooklyn Custom Tshirt Printing', 'languageCode': 'en'}",http://brooklyncustomtshirtprinting.com/
places/ChIJn_gYbWdbwokRtEMvYYes6N0,"2 Prince St, Brooklyn, NY 11201, USA","{'latitude': 40.6972233, 'longitude': -73.98250260000002}","{'text': 'collective studios', 'languageCode': 'en'}",
places/ChIJBUb4wDdZwokRTjjiglLKbE4,"141 Flushing Ave, Brooklyn, NY 11205, USA","{'latitude': 40.6985551, 'longitude': -73.9712029}","{'text': 'Greenhouse Printing', 'languageCode': 'en'}",http://thegreenhouseprinting.com/
places/ChIJLftlRsNbwokR9KwUEsHD3Eo,"31 Rodney St, Brooklyn, NY 11249, USA","{'latitude': 40.702581599999995, 'longitude': -73.9640628}","{'text': 'Fine Tablecloths and Towels', 'languageCode': 'en'}",http://www.finetablecloths.com/
places/ChIJGavx4D5bwokRGh95QWOOXhI,"36 Waverly Ave Suite 221, Brooklyn, NY 11205, USA","{'latitude': 40.696790299999996, 'longitude': -73.9687576}","{'text': 'Flying Saucer Press', 'languageCode': 'en'}",http://www.flyingsaucerpress.com/
places/ChIJ3VngV6pbwokR-_agGreqVFg,"176 5th Ave, Brooklyn, NY 11217, USA","{'latitude': 40.6775356, 'longitude': -73.98000309999999}","{'text': 'Gift Man', 'languageCode': 'en'}",http://www.giftmangifts.com/
places/ChIJU_9oy5hbwokRYVjE8m5WEwg,"737 Park Pl, Brooklyn, NY 11216, USA","{'latitude': 40.67374600000001, 'longitude': -73.9533637}","{'text': 'Creative Custom Clothing Design & Printing', 'languageCode': 'en'}",
places/ChIJI3k6L3FbwokRjbBUwL1GBS4,"934 Nostrand Ave, Brooklyn, NY 11225, USA","{'latitude': 40.6660106, 'longitude': -73.95109169999999}","{'text': 'NYC FAST PRINT', 'languageCode': 'en'}",
places/ChIJ7VO2o9VdwokRN5DddKE0aXA,"1085 Broadway, Brooklyn, NY 11221, USA","{'latitude': 40.694641, 'longitude': -73.9305739}","{'text': 'All-Star Print Lab Inc.', 'languageCode': 'en'}",https://all-star-print-lab-inc.ueniweb.com/?utm_campaign=gmb
places/ChIJWdpsWRpcwokRLZOO74kHDt4,"1368 Myrtle Ave, Brooklyn, NY 11237, USA","{'latitude': 40.698392, 'longitude': -73.921005}","{'text': 'HEAVY PRINT', 'languageCode': 'en'}",http://www.instagram.com/heavyprint
places/ChIJR7MiFTphwokRyoxmj3VaCyo,"217 Marcus Garvey Blvd, Brooklyn, NY 11221, USA","{'latitude': 40.6906405, 'longitude': -73.9394356}","{'text': 'Putyourlogo', 'languageCode': 'en'}",http://putyourlogo.com/
places/ChIJkVOgAJddwokR4IDWbAwfcaE,"47 Belmont Ave, Brooklyn, NY 11212, USA","{'latitude': 40.668878, 'longitude': -73.908772}","{'text': '212 Print Lab', 'languageCode': 'en'}",https://212printlab.com/
places/ChIJj35CVI1ZwokRuUD__pAZUYE,"951 Grand St, Brooklyn, NY 11211, USA","{'latitude': 40.7131842, 'longitude': -73.9365102}","{'text': 'U Design It - Printing Company, Promos, Branding, Design & Marketing', 'languageCode': 'en'}",https://udesignitusa.com/
places/ChIJQWatcAtcwokR0QUXmty7sxQ,"575 Onderdonk Ave, Ridgewood, NY 11385, USA","{'latitude': 40.7055686, 'longitude': -73.9094689}","{'text': 'Classy Screens NYC', 'languageCode': 'en'}",https://www.classyscreensny.com/
places/ChIJBRQ92SBcwokRg0AqijUQfGI,"6638 Forest Ave, Ridgewood, NY 11385, USA","{'latitude': 40.7065961, 'longitude': -73.903088}","{'text': 'AJ PRINTING & MULTISERVICE CORP.', 'languageCode': 'en'}",https://ajprintingnyc.com/
places/ChIJP2qgcOlhwokRg73Mu_l1iec,"90-40 160th St, Jamaica, NY 11432, USA","{'latitude': 40.7041902, 'longitude': -73.79976900000001}","{'text': 'Shaw Station NYC', 'languageCode': 'en'}",https://shawcompositions.wixsite.com/shawstationapparel
places/ChIJ7_5scFpnwokR2utD7m3x6V4,"107-27 Liberty Ave, Ozone Park, NY 11417, USA","{'latitude': 40.683865399999995, 'longitude': -73.8338239}","{'text': 'Innovation Printing & Promotions', 'languageCode': 'en'}",https://go2innovation.com/
places/ChIJYx475sdgwokRC6HDXmvi7q0,"13516 Jamaica Ave, Richmond Hill, NY 11418, USA","{'latitude': 40.702289, 'longitude': -73.817093}","{'text': 'USA Scrubs', 'languageCode': 'en'}",http://www.usascrub.com/
places/ChIJfYFC66dnwokRRjw6ghM85wg,"115-86 Lefferts Blvd Apt 2, South Ozone Park, NY 11420, USA","{'latitude': 40.674624, 'longitude': -73.8199379}","{'text': 'Wendell and Company', 'languageCode': 'en'}",https://wendellandcompany.com/
places/ChIJxy4xK9NnwokRSe4E5c-Xb8s,"177-60 Meadow Dr, Rochdale, NY 11434, USA","{'latitude': 40.665920299999996, 'longitude': -73.7693783}","{'text': 'Barclays Printing Service LLC', 'languageCode': 'en'}",
places/ChIJiU9iHNH6wokRDtyRnHfpyP4,"Paramus Park, 700 Paramus Park, Paramus, NJ 07662, USA","{'latitude': 40.9566622, 'longitude': -74.0689981}","{'text': 'Everything Embroidered & Custom Printing', 'languageCode': 'en'}",https://www.facebook.com/everythingembroidered11
places/ChIJcZ-ZUvaaFq4RqmuMCvu-Fa8,"98 Broughton Ave Front, Bloomfield, NJ 07003, USA","{'latitude': 40.814236199999996, 'longitude': -74.1877684}","{'text': 'RND Embroidery', 'languageCode': 'en'}",
places/ChIJu-FTa5Otw4kRI-c7rU0CVZE,"1174 W Chestnut St, Union, NJ 07083, USA","{'latitude': 40.6924245, 'longitude': -74.2866801}","{'text': 'Promo T-Shirts', 'languageCode': 'en'}",http://www.thetshirtportal.com/
places/ChIJa8QKObaxw4kR6TPZdrvVO78,"3134, 10 Fadem Rd #2, Springfield, NJ 07081, USA","{'latitude': 40.6845851, 'longitude': -74.3169674}","{'text': 'Varsity Central', 'languageCode': 'en'}",http://www.varsitycentralnj.com/
places/ChIJ-R7FIkoHw4kRQCxp4237-Nw,"1275 Bloomfield Ave Building 6, Suite 37A, Fairfield, NJ 07004, USA","{'latitude': 40.8607545, 'longitude': -74.3179074}","{'text': 'Class Act Embroidery & Screen Printing', 'languageCode': 'en'}",http://www.classactembroidery.com/
places/ChIJl4voyORTwokR61947jL9McA,"218 Elizabeth Ave, Newark, NJ 07108, USA","{'latitude': 40.7154168, 'longitude': -74.19154240000002}","{'text': 'Brick City Transfers', 'languageCode': 'en'}",https://www.brickcitytransfers.com/
places/ChIJZXH5cf39wokRoHJ7PLaW6yQ,"241 Union Blvd, Totowa, NJ 07512, USA","{'latitude': 40.9064112, 'longitude': -74.2087912}","{'text': 'Needleworks Custom Embroidery and Screen Printing', 'languageCode': 'en'}",
places/ChIJEfi-8XT7wokR1axx0UCGoxU,"43 W Pleasant Ave, Maywood, NJ 07607, USA","{'latitude': 40.904613, 'longitude': -74.0623703}","{'text': 'Embroidery by Nona', 'languageCode': 'en'}",https://embroiderybynona.com/
places/ChIJAQBMCZBTwokRIYCI7GT79Oc,"146-B, Ferry St, Newark, NJ 07105, USA","{'latitude': 40.729626599999996, 'longitude': -74.15888369999999}","{'text': 'JJ digitizing', 'languageCode': 'en'}",https://www.jjdigitizing.com/contactus.html
places/ChIJjTWLkgJTwokRMbgIZrV6W-Q,"15 Warren St, Newark, NJ 07102, USA","{'latitude': 40.7393248, 'longitude': -74.1726118}","{'text': 'Pop Up Print Shop', 'languageCode': 'en'}",http://www.popupprintshop.com/
places/ChIJJ7gmSX9TwokR2FRC0SkucII,"1212 Raymond Blvd, Newark, NJ 07102, USA","{'latitude': 40.737711999999995, 'longitude': -74.17228779999999}","{'text': ""Engraver's Bench & Greek Unique"", 'languageCode': 'en'}",
places/ChIJ7a2F3ZtTwokRu_cSVYMaKkM,"184 Jefferson St, Newark, NJ 07105, USA","{'latitude': 40.726504899999995, 'longitude': -74.163608}","{'text': 'Jefferson Printing Services', 'languageCode': 'en'}",http://www.jeffersonprinting.net/
places/ChIJYcXBi1n-wokR7gIa5q0tWr4,"1078 US-46, Clifton, NJ 07013, USA","{'latitude': 40.8710453, 'longitude': -74.18086319999999}","{'text': ""Semel's Embroidery Inc"", 'languageCode': 'en'}",http://www.semelsembroidery.com/
places/ChIJyc8uXtL-wokRncUQDJEGBh0,"183 Jefferson St, Passaic, NJ 07055, USA","{'latitude': 40.862089, 'longitude': -74.12540349999999}","{'text': 'Phoenix Embroidery', 'languageCode': 'en'}",
places/ChIJq1z_Z7lXwokRw27NZYI-PPs,"7 Sherman Ave Floor 3, Jersey City, NJ 07307, USA","{'latitude': 40.741171, 'longitude': -74.0494506}","{'text': 'A B Tees Screen Printing', 'languageCode': 'en'}",http://www.abtees1.com/
places/ChIJbUcMEtdQwokRvoBtq-pkWbk,"8 Emory St, Jersey City, NJ 07304, USA","{'latitude': 40.7195252, 'longitude': -74.07177670000002}","{'text': 'By Barak', 'languageCode': 'en'}",
places/ChIJ9Son77NXwokRgEe_CeWKO_E,"1012 Grand St #407, Hoboken, NJ 07030, USA","{'latitude': 40.750299, 'longitude': -74.0329343}","{'text': 'Galastella Studio', 'languageCode': 'en'}",https://galastella.com/
places/ChIJwfNx_6xZwokRoX2rYYU6omk,"265 W 37th St # 14A, New York, NY 10018, USA","{'latitude': 40.7542705, 'longitude': -73.9915885}","{'text': 'Vogue Too', 'languageCode': 'en'}",http://www.voguetoo.com/
places/ChIJpwA2hqxZwokRDVZpJfHMw5o,"42 W 38th St, New York, NY 10018, USA","{'latitude': 40.7515852, 'longitude': -73.9847818}","{'text': 'Top Tex Trimming Inc', 'languageCode': 'en'}",
places/ChIJj0EdeBNZwokRgB0IKIfBWZY,"167 Madison Ave, New York, NY 10016, USA","{'latitude': 40.7469073, 'longitude': -73.9833069}","{'text': 'Highway Patches', 'languageCode': 'en'}",https://highwaypatchesco.editorx.io/highwaypatches
places/ChIJW6vJXAxZwokRi7SQhFkLaYw,"Inside The Front NYC / Front Creatives International Inc, 526 E 11th St #1W, New York, NY 10009, USA","{'latitude': 40.7277153, 'longitude': -73.9806952}","{'text': 'Fyar Merchandising', 'languageCode': 'en'}",https://fyarmerch.square.site/
places/ChIJKW2M1sJbwokRhMUQBishA58,"100 Broadway, New York, NY 10006, USA","{'latitude': 40.7079934, 'longitude': -74.0110538}","{'text': 'New York Digitizing', 'languageCode': 'en'}",https://www.newyorkdigitizing.us/
places/ChIJ-y78RatZwokRl0wOFLe2IsE,"147 W 35th St suite 1704, New York, NY 10001, USA","{'latitude': 40.751448599999996, 'longitude': -73.9891093}","{'text': 'Milaaya Inc', 'languageCode': 'en'}",
places/ChIJ5WjNi6xZwokRWaYNT9A4xxk,"BRICKEN ARCADE, 230 W 38th St # 3R, New York, NY 10018, USA","{'latitude': 40.753797899999995, 'longitude': -73.9900212}","{'text': 'Michael Stuart Design Ltd', 'languageCode': 'en'}",http://michaelstuartdesign.com/
places/ChIJu4CQ-qxZwokR7hl_s_Q4KF4,"262 W 38th St #701, New York, NY 10018, USA","{'latitude': 40.7539702, 'longitude': -73.9914955}","{'text': 'Running Stitch', 'languageCode': 'en'}",
places/ChIJNS4jZKpZwokREbuJdWDwnzE,"132 W 36th St., New York, NY 10018, USA","{'latitude': 40.7516036, 'longitude': -73.98850689999999}","{'text': 'ANK International', 'languageCode': 'en'}",http://www.ankasa.com/
places/ChIJ-zn5L-9fwokRml9FgUOMA5w,"5102 21st St FL.4 - Suite 123, Long Island City, NY 11101, USA","{'latitude': 40.741043499999996, 'longitude': -73.94998319999999}","{'text': 'A Tee Shop', 'languageCode': 'en'}",http://www.ateeshop.com/
places/ChIJuezuRldbwokRoyoZ9AF5Y20,"11 Park Pl Floor 3, New York, NY 10007, USA","{'latitude': 40.7129639, 'longitude': -74.0084305}","{'text': 'Crooked Monkey Branding | Custom Swag | Corporate Gifts | Premium Brands | Promo Items | Merchandise', 'languageCode': 'en'}",https://crookedmonkey.com/
places/ChIJu9ITgr1ZwokRML_2mj_61DY,"225 W 10th St, New York, NY 10014, USA","{'latitude': 40.7340635, 'longitude': -74.0051434}","{'text': 'West Village Knit and Needle', 'languageCode': 'en'}",http://www.wvknitandneedle.com/
places/ChIJRYQUHkBfwokRSKjAzk2T8Y0,"993 Metropolitan Ave, Brooklyn, NY 11211, USA","{'latitude': 40.714731199999996, 'longitude': -73.9362594}","{'text': 'Beezer Printing', 'languageCode': 'en'}",http://www.beezerprinting.com/
places/ChIJ9wmnMv9ZwokRA2gt6i-Z5Rc,"57 Meserole Ave, Brooklyn, NY 11222, USA","{'latitude': 40.7265356, 'longitude': -73.9550398}","{'text': ""Pete's Print Shop"", 'languageCode': 'en'}",http://www.petesprintshop.net/
places/ChIJh2ezAUVZwokRwSm8_rEK8Ns,"601 Manhattan Ave, Brooklyn, NY 11222, USA","{'latitude': 40.723136, 'longitude': -73.950706}","{'text': 'BQ Sports Inc', 'languageCode': 'en'}",http://www.bqsports.com/
places/ChIJ551MpzNZwokRmPHDnnaqeFM,"3402 Review Ave Bldg C, Long Island City, NY 11101, USA","{'latitude': 40.7355476, 'longitude': -73.9391509}","{'text': 'Screen Team, Inc.', 'languageCode': 'en'}",
places/ChIJLRUH4fFfwokRgLammqLbpqw,"20-56 Steinway St, Astoria, NY 11105, USA","{'latitude': 40.775400999999995, 'longitude': -73.90337099999999}","{'text': 'ROCA Embroidery Solutions Corp', 'languageCode': 'en'}",
places/ChIJZ9e0OUBZwokRuTcSRw1tXoc,"165 Greenpoint Ave, Brooklyn, NY 11222, USA","{'latitude': 40.7304203, 'longitude': -73.9531342}","{'text': 'Brooklyn Craft Company', 'languageCode': 'en'}",http://brooklyncraftcompany.com/
places/ChIJxcnJx0ZZwokRgFVuamzP7Z0,"784 Manhattan Ave, Brooklyn, NY 11222, USA","{'latitude': 40.7274774, 'longitude': -73.9527899}","{'text': 'B E Yarn', 'languageCode': 'en'}",
places/ChIJIWzfl6BfwokRgtI2fxChEt8,"80-08 Grand Ave STE 1A, Elmhurst, NY 11373, USA","{'latitude': 40.732040999999995, 'longitude': -73.88433100000002}","{'text': 'Shirtific Screen Printing & Embroidery', 'languageCode': 'en'}",http://www.shirtific.com/
places/ChIJ_XlTiz5fwokRGOBppsODWEg,"12-26 30th Rd, Astoria, NY 11102, USA","{'latitude': 40.7701722, 'longitude': -73.9312289}","{'text': 'Hailz Printing', 'languageCode': 'en'}",
places/ChIJe6xZVstfwokRIuru6naWU-Q,"1852 Flushing Ave Ste 3, Ridgewood, NY 11385, USA","{'latitude': 40.711604, 'longitude': -73.9195517}","{'text': 'Nyc Creative Connections', 'languageCode': 'en'}",https://nyccreativeconnections.design/collections
places/ChIJE-EXG25gwokRQEN5ZWLhdJk,"13508 Booth Memorial Ave, Flushing, NY 11355, USA","{'latitude': 40.747339, 'longitude': -73.82964299999999}","{'text': 'Avant-Garde Screen Printing Co.', 'languageCode': 'zh-TW'}",http://www.4logoapparel.com/albert
places/ChIJMbV7Jqv1wokR60Wvs2LLhB0,"970 E 165th St, Bronx, NY 10459, USA","{'latitude': 40.8238609, 'longitude': -73.8943139}","{'text': 'Bx Embroidery', 'languageCode': 'en'}",
places/ChIJa4vWLN5nwokRMfGskkF8WIk,"239-15 Braddock Ave, Queens, NY 11426, USA","{'latitude': 40.726686699999995, 'longitude': -73.7285108}","{'text': 'Overflow Vinyl', 'languageCode': 'en'}",http://www.overflowvinyl.com/
places/ChIJT2eFMSJgwokRwgj6uuTvxsE,"149-36 Northern Blvd #3, Flushing, NY 11354, USA","{'latitude': 40.765081599999995, 'longitude': -73.815806}","{'text': 'Yodel Uniforms & Embroidery (Uniform in queens, Embroidery in queens)', 'languageCode': 'en'}",http://ny.koreaportal.com/english/yp/22987-New-York-Yodel-Co--uniform-in-queens-embroidery-in-queens
places/ChIJB38YRXxjwokRfJ6zGsdUY2s,"25 Denton Ave S, Garden City Park, NY 11040, USA","{'latitude': 40.7355551, 'longitude': -73.67154959999999}","{'text': 'The4040Store - Custom Apparel - Screen printing And Embroidery', 'languageCode': 'en'}",https://the4040store.com/
places/ChIJuaq0I5Qxy4gRchpUFycI3W0,"Not open to the public, 35 Tulip Ave #20331, Floral Park, NY 11001, USA","{'latitude': 40.7264632, 'longitude': -73.70804079999999}","{'text': 'Custom Clothing NY', 'languageCode': 'en'}",https://www.instagram.com/customclothing_ny/
places/ChIJhWzFQq5jwokRUP0p4f0YQDk,"249 - 02 Jericho Turnpike SUITE 106, Floral Park, NY 11001, USA","{'latitude': 40.7259999, 'longitude': -73.7178571}","{'text': 'Needle Art On Charts', 'languageCode': 'en'}",http://www.needleartoncharts.com/
places/ChIJsz4OiZ6NwokRDe_r9yhCsoQ,"166 Webster Ave, New Rochelle, NY 10801, USA","{'latitude': 40.9094237, 'longitude': -73.7917258}","{'text': 'Rainbow Embroidery/PRO-FIT APPAREL', 'languageCode': 'en'}",http://www.rainbowcustomapparel.com/
places/ChIJ-bNj1N-rw4kRtCVSAWMCvCM,"33 Harrison Ave, West Orange, NJ 07052, USA","{'latitude': 40.7949541, 'longitude': -74.22923720000001}","{'text': 'Uptown Ink & Thread - Custom Apparel & Promotional Products', 'languageCode': 'en'}",http://www.teerico.com/uptown
places/ChIJ5xQA8nL6wokRoLz0Q_PnTMM,"1 Forstmann Ct, Clifton, NJ 07011, USA","{'latitude': 40.875091, 'longitude': -74.123786}","{'text': 'Digital Technology Imprints - Embroidery, Screen Printing', 'languageCode': 'en'}",http://www.digitechimprints.com/
places/ChIJV5Sjqyrhw4kR7-G1OpBS6qw,"91 Fulton St # 1, Boonton, NJ 07005, USA","{'latitude': 40.9137024, 'longitude': -74.3962067}","{'text': 'The Embroidery Guy', 'languageCode': 'en'}",https://www.theembroideryguy.com/
places/ChIJtTgv_11VwokRjWigJw38TlM,"109 Washington Ave Store #3, Belleville, NJ 07109, USA","{'latitude': 40.784824, 'longitude': -74.153792}","{'text': ""High Level T's"", 'languageCode': 'en'}",
places/ChIJmTh-qDRVwokRA6mkGHcACy4,"418 Kearny Ave, Kearny, NJ 07032, USA","{'latitude': 40.7651446, 'longitude': -74.1477254}","{'text': 'Mela print and design', 'languageCode': 'en'}",
places/ChIJ8xs_zbJVwokRNFqfG8urkFY,"100 Verona Ave, Newark, NJ 07104, USA","{'latitude': 40.779692499999996, 'longitude': -74.1571646}","{'text': 'Color Screen Pros', 'languageCode': 'en'}",http://www.colorscreenpros.com/
places/ChIJu8RW1WNUwokRjkbgKK7jLvI,"44 Dr Martin Luther King Jr Blvd, Newark, NJ 07104, USA","{'latitude': 40.7535692, 'longitude': -74.1724054}","{'text': 'Galaxy Printing', 'languageCode': 'en'}",
places/ChIJ4cEHW-xVwokRDXEfYsCXu04,"118 N 15th St, Bloomfield, NJ 07003, USA","{'latitude': 40.770179399999996, 'longitude': -74.18920159999999}","{'text': 'RND Screen Printing', 'languageCode': 'en'}",https://www.rndprints.com/
places/ChIJpydsVL9VwokRu1-FbJm_zTs,"368 Cortlandt St, Belleville, NJ 07109, USA","{'latitude': 40.7934456, 'longitude': -74.1477037}","{'text': 'National Sportswear of Belleville, NJ', 'languageCode': 'en'}",https://www.njsportswear.com/
places/ChIJlYd1M85VwokRurfTKYOLhfA,"104 Ridge Rd, North Arlington, NJ 07031, USA","{'latitude': 40.7846231, 'longitude': -74.1358195}","{'text': 'Minuteman Press North Arlington (MMP)', 'languageCode': 'en'}",http://www.na.minutemanpress.com/
places/ChIJJydXFEr5wokRCJKTGkEmOAU,"409 S River St, Hackensack, NJ 07601, USA","{'latitude': 40.8658151, 'longitude': -74.0374092}","{'text': 'The Blank Workshop', 'languageCode': 'en'}",https://www.theblankworkshop.com/
places/ChIJ2QTdNCfxwokRFlXU8dbq-gM,"223 S Van Brunt St #202, Englewood, NJ 07631, USA","{'latitude': 40.8879929, 'longitude': -73.9812925}","{'text': 'Embroider My Monogram', 'languageCode': 'en'}",http://www.embroidermymonogram.com/
places/ChIJPzA06mFZwokRCflvD3ehjRo,"4511 New York Ave ste a-28-b, Union City, NJ 07087, USA","{'latitude': 40.7793798, 'longitude': -74.02230109999999}","{'text': 'The Right Merch', 'languageCode': 'en'}",
places/ChIJH0E1Qg5YwokR5BSj-fVTTGU,"443 62nd St, West New York, NJ 07093, USA","{'latitude': 40.7907423, 'longitude': -74.01410659999999}","{'text': 'J & S Finishing', 'languageCode': 'en'}",http://jnsneckerchiefs.com/
places/ChIJSbWZzhtYwokRWFk_iX_AfAw,"568 54th St, West New York, NJ 07093, USA","{'latitude': 40.786048, 'longitude': -74.02165}","{'text': 'Cover Stitches', 'languageCode': 'en'}",http://www.coverstitches.com/
places/ChIJRZz8VIRXwokRol0kN_KEtXY,"2321 John F. Kennedy Blvd Suite, North Bergen, NJ 07047, USA","{'latitude': 40.770266199999995, 'longitude': -74.0386196}","{'text': 'Big City Printing', 'languageCode': 'en'}",
places/ChIJwTi9Qr_3wokRrAsiIWAYpF0,"181 Bergen Blvd, Fairview, NJ 07022, USA","{'latitude': 40.8178529, 'longitude': -74.0018268}","{'text': 'Brava Lace & Embrodiery', 'languageCode': 'en'}",
places/ChIJJ8W2SqpZwokRC8W3W_UOruc,"1008 6th Ave, New York, NY 10018, USA","{'latitude': 40.751883299999996, 'longitude': -73.9859409}","{'text': 'M&J Trimming', 'languageCode': 'en'}",http://www.mjtrim.com/
places/ChIJAwRPtVZYwokR1yvLyXdyH7s,"104 W 40th St, New York, NY 10018, USA","{'latitude': 40.7535269, 'longitude': -73.9857827}","{'text': 'T-Shirt Express', 'languageCode': 'en'}",http://www.tshirtexpress.com/
places/ChIJw-cFClBZwokRgFziUiq0H3I,"408 54th St, West New York, NJ 07093, USA","{'latitude': 40.784391, 'longitude': -74.0174478}","{'text': ""Chido's Design LLC"", 'languageCode': 'en'}",
places/ChIJwzizQwFZwokRhSVaJSIma_M,"2244 Broadway, New York, NY 10024, USA","{'latitude': 40.7846486, 'longitude': -73.97907119999999}","{'text': 'Big Frog Custom T-Shirts & More', 'languageCode': 'en'}",https://www.bigfrog.com/uws
places/ChIJGYpUCZdZwokRrB1er81QFC4,"1242 Madison Ave, New York, NY 10010, USA","{'latitude': 40.7830504, 'longitude': -73.95743259999999}","{'text': '2Day Embroidery&Graphics', 'languageCode': 'en'}",http://www.2dayembroidery.com/
places/ChIJ36Ule-VYwokRFR2cdUbjvSk,"118 E 59th St # 302A, New York, NY 10022, USA","{'latitude': 40.7623412, 'longitude': -73.9690306}","{'text': 'Athletic Style', 'languageCode': 'en'}",https://www.athleticstyle.com/
places/ChIJ0RTNK6pZwokRMACVl2rXceE,"47 W 36th St., New York, NY 10018, USA","{'latitude': 40.75068960000001, 'longitude': -73.9856258}","{'text': 'Wow! Custom Tees', 'languageCode': 'en'}",http://wowcustomtees.com/
places/ChIJw3bezgJZwokRZECFIwtacGM,"757 3rd Ave 20th floor, New York, NY 10017, USA","{'latitude': 40.7539261, 'longitude': -73.9714666}","{'text': 'Graphic Lab Printing Inc.', 'languageCode': 'en'}",http://www.graphiclabinc.com/
places/ChIJKZInyBJYwokRBU3AS68QbnM,"6107 Monitor Pl, West New York, NJ 07093, USA","{'latitude': 40.786913, 'longitude': -74.00711299999999}","{'text': 'Promoduckie.com LLC', 'languageCode': 'en'}",
places/ChIJl-_DGK1ZwokRMjCPB2MfsyI,"New York, NY 10018, USA","{'latitude': 40.7550995, 'longitude': -73.99223289999999}","{'text': 'Rehka International', 'languageCode': 'en'}",
places/ChIJPbNlXfhYwokRICrZhwQGmuw,"159 W 53rd St, New York, NY 10023, USA","{'latitude': 40.7630371, 'longitude': -73.9810287}","{'text': 'Jantex Marketing, Inc.', 'languageCode': 'en'}",http://jantex.com/
places/ChIJF8PhBr9YwokRJmTqkM0z2jQ,"346 E 76th St, New York, NY 10021, USA","{'latitude': 40.770835399999996, 'longitude': -73.9554066}","{'text': 'Monogram Cottage', 'languageCode': 'en'}",http://www.monogramcottage.com/
places/ChIJEaIsfstYwokRhjDRX9iFijU,"34-40 11th St, Astoria, NY 11106, USA","{'latitude': 40.763642, 'longitude': -73.938732}","{'text': 'On Time Printing', 'languageCode': 'en'}",https://www.t-shirtsprintingnyc.com/
places/ChIJkxEl3KNYwokRzZoI47BEPhQ,"1763 2nd Ave, New York, NY 10128, USA","{'latitude': 40.7816365, 'longitude': -73.94925669999999}","{'text': 'Annie & Company Needlepoint & Knitting', 'languageCode': 'en'}",http://www.annieandco.com/
places/ChIJ0_Uo-Qn2wokRLwGnZwLobqQ,"2275 3rd Ave, New York, NY 10035, USA","{'latitude': 40.8026994, 'longitude': -73.9363238}","{'text': 'Custom Image Apparel', 'languageCode': 'en'}",http://shopcia.com/
places/ChIJd60vIx5ZwokRJEkLDWAYfPA,"43-01 21st St Unit 310 (3rd floor, Long Island City, NY 11101, USA","{'latitude': 40.7501835, 'longitude': -73.94559420000002}","{'text': 'Customnia | Custom T-shirts', 'languageCode': 'en'}",https://customnia.com/?from=gmap
places/ChIJP2yAxzFfwokRODXx16eiZuw,"3269 31st St, Astoria, NY 11106, USA","{'latitude': 40.7601662, 'longitude': -73.92662279999999}","{'text': 'A-1 Printing', 'languageCode': 'en'}",
places/ChIJ__4Qt-r1wokRlSKC1Tbadhk,"728 E 136th St, Bronx, NY 10454, USA","{'latitude': 40.802968, 'longitude': -73.91291389999999}","{'text': 'US Embroidery Inc', 'languageCode': 'en'}",
places/ChIJny-xPC5fwokRh4_KM0Uk90I,"35-43 32nd St, Astoria, NY 11106, USA","{'latitude': 40.756588, 'longitude': -73.928411}","{'text': 'Paris Images Screen Printing', 'languageCode': 'en'}",https://www.parisimagesscreenprinting.com/
places/ChIJA5pqgEn3wokRD08R2ZvhHlI,"65 E 125th St, New York, NY 10035, USA","{'latitude': 40.8057124, 'longitude': -73.93977079999999}","{'text': 'Direct Print Embroidery & Vinyl', 'languageCode': 'en'}",http://www.directprinttoday.com/
places/ChIJBwVigXJZwokRxA285bURsD8,"303 E 81st St, New York, NY 10028, USA","{'latitude': 40.7746105, 'longitude': -73.9534523}","{'text': ""Rita's Needlepoint"", 'languageCode': 'en'}",https://www.ritasneedlepoint.com/
places/ChIJk1BR7cRfwokRX79Z6kAtk2c,"3311 100th St, Corona, NY 11368, USA","{'latitude': 40.756971799999995, 'longitude': -73.8682623}","{'text': 'VR Promotionals', 'languageCode': 'en'}",
places/ChIJR-uoHuD1wokR1Psu3yX5ZdQ,"605 E 132nd St basement c, Bronx, NY 10454, USA","{'latitude': 40.8025448, 'longitude': -73.9187597}","{'text': ""Golden's Stitch Shop"", 'languageCode': 'en'}",
places/ChIJY-Uc35_2wokRRX5-_Tp1tNQ,"1306 St Nicholas Ave, New York, NY 10033, USA","{'latitude': 40.8457176, 'longitude': -73.9361651}","{'text': 'ASCA Embroidery & screenprint', 'languageCode': 'en'}",
places/ChIJD7zeIJ_1wokR8e691l2BY-A,"1385 Seabury Ave, Bronx, NY 10461, USA","{'latitude': 40.837939, 'longitude': -73.84303899999999}","{'text': 'ASCA PRINTS', 'languageCode': 'en'}",http://ascaprints.com/
places/ChIJ50sVJe6LwokRXUAT7RvOrQA,"15403 20th Ave, Whitestone, NY 11357, USA","{'latitude': 40.781048999999996, 'longitude': -73.80842}","{'text': 'Tiny Pink Design', 'languageCode': 'es'}",https://tinypinkdesign.com/
places/ChIJsd8gv5SKwokRvDtewNiF6RI,"12-55 150th St Ground Floor, Whitestone, NY 11357, USA","{'latitude': 40.7891786, 'longitude': -73.8137874}","{'text': '53 Merch', 'languageCode': 'en'}",
places/ChIJbRZA2ABgwokRXiWdW5gF1i8,"130-30 31st Dr Suite 508, Flushing, NY 11354, USA","{'latitude': 40.7698323, 'longitude': -73.8390617}","{'text': 'LOVE SKETCHES', 'languageCode': 'en'}",http://lovesketches.com/
places/ChIJV1dENTdgwokRLtlkeXzYFzQ,"45-77 161st St fl 1, Flushing, NY 11358, USA","{'latitude': 40.754284, 'longitude': -73.805527}","{'text': 'Joy Promotion', 'languageCode': 'en'}",http://www.joypromotion.com/
places/ChIJOzrxXn-KwokR-8KRjiHmypw,"33-05 Francis Lewis Blvd, Flushing, NY 11358, USA","{'latitude': 40.767243, 'longitude': -73.79017110000001}","{'text': 'De Phillips Sports', 'languageCode': 'en'}",https://www.companycasuals.com/dephillipssports
places/ChIJne6CrxaRwokRSpGfOhUW5N0,"154 E Boston Post Rd, Mamaroneck, NY 10543, USA","{'latitude': 40.949446099999996, 'longitude': -73.7319662}","{'text': 'On The Job Embroidery & Apparel', 'languageCode': 'en'}",http://www.onthejobembroidery.com/
places/ChIJ_UOZGMb-wokRZz6O3OcHirQ,"1074B Main Ave, Clifton, NJ 07011, USA","{'latitude': 40.8734434, 'longitude': -74.1375499}","{'text': 'Threads for Heads', 'languageCode': 'en'}",http://www.t4hcustom.com/
places/ChIJ_SShdqEBw4kRRObO0BB5zzY,"86 Lackawanna Ave #213, Woodland Park, NJ 07424, USA","{'latitude': 40.8892125, 'longitude': -74.21334689999999}","{'text': 'Print & Stitch', 'languageCode': 'en'}",
places/ChIJhREn0jVVwokRSkTjwxwaExE,"62 Maple Ave, Montclair, NJ 07042, USA","{'latitude': 40.8050424, 'longitude': -74.2126456}","{'text': 'MLD Print & More LLC', 'languageCode': 'en'}",https://we-promote-you.dcpromosite.com/
places/ChIJ7-HkYu8Hw4kR-EK_mISlUkc,"1275 Bloomfield Ave Unit 54B, Fairfield, NJ 07004, USA","{'latitude': 40.8584201, 'longitude': -74.31509299999999}","{'text': 'Trio Custom Goods', 'languageCode': 'en'}",
places/ChIJXfdA05D7wokRgeYiqinOyNY,"91 Fulton St, Boonton, NJ 07005, USA","{'latitude': 40.9136488, 'longitude': -74.3962366}","{'text': 'Varsity Stitch Shop', 'languageCode': 'en'}",http://www.varsitystitchshop.com/
places/ChIJtZdQX6uqw4kRE5BQQF7LJ8s,"127 Watchung Ave, Montclair, NJ 07043, USA","{'latitude': 40.830267899999996, 'longitude': -74.2049399}","{'text': 'Yarnia', 'languageCode': 'en'}",http://www.shopyarnia.com/
places/ChIJlZlNrncAw4kRT_DeefoFKjU,"5 Fairview Ave, Verona, NJ 07044, USA","{'latitude': 40.8343631, 'longitude': -74.2505984}","{'text': 'Academy Apparel', 'languageCode': 'en'}",http://academyapparelnj.com/
places/ChIJ7aG8U4MAw4kRRhlrn-bwJgg,"450 Bloomfield Ave #101, Verona, NJ 07044, USA","{'latitude': 40.8300207, 'longitude': -74.2420307}","{'text': 'Beyond Knits & Needles', 'languageCode': 'en'}",http://beyondknitsandneedles.net/
places/ChIJHxjprbrwwokRsJC6XRUv5V0,"836 Palisade Ave, Teaneck, NJ 07666, USA","{'latitude': 40.888906999999996, 'longitude': -74.017954}","{'text': 'Embroideries Unlimited/Teaneck General Store', 'languageCode': 'en'}",http://www.teaneckgeneralstore.com/
places/ChIJs0azBkxVwokRyMcN0GllSC4,"133 Glenridge Ave, Montclair, NJ 07042, USA","{'latitude': 40.8126135, 'longitude': -74.212451}","{'text': '4EVERGRAFIX', 'languageCode': 'en'}",http://www.4evergrafix.com/
places/ChIJP2utzJD9wokRHBaZ3vrAoxw,"151 Belmont Ave, Paterson, NJ 07502, USA","{'latitude': 40.9287166, 'longitude': -74.1815512}","{'text': 'The Branding Company LLC.', 'languageCode': 'en'}",http://www.tbcmerch.com/
places/ChIJ-1XY4R7-wokRVZ3nQzN4VUU,"86 Lackawanna Ave suite 320, Woodland Park, NJ 07424, USA","{'latitude': 40.88913290000001, 'longitude': -74.21381579999999}","{'text': 'I P Embroidery', 'languageCode': 'en'}",https://ip-embroidery.com/
places/ChIJy7p7szv5wokRmae7Kcw0hu8,"2 Passaic St, Passaic, NJ 07055, USA","{'latitude': 40.862879299999996, 'longitude': -74.1080971}","{'text': 'Patches Studio', 'languageCode': 'en'}",https://patchesstudio.com/
places/ChIJuUt9WNf_wokRo7lIyr_xoQ0,"397 Monroe St, Passaic, NJ 07055, USA","{'latitude': 40.8629379, 'longitude': -74.1322119}","{'text': 'Embroidery Perfection', 'languageCode': 'en'}",https://www.instagram.com/embroidery_perfection?utm_source=ig_web_button_share_sheet&igsh=ZDNlZDc0MzIxNw==
places/ChIJozvnUdP-wokRvs0Rh52WAJY,"596 Main Ave, Passaic, NJ 07055, USA","{'latitude': 40.859374599999995, 'longitude': -74.1240634}","{'text': 'AllCourt Printing', 'languageCode': 'en'}",http://www.allcourtprinting.com/
places/ChIJR-Qsn_9VwokRCncvgl8GW6M,"386 Franklin Ave, Nutley, NJ 07110, USA","{'latitude': 40.8203241, 'longitude': -74.1583697}","{'text': 'K & K Trophy & Apparel', 'languageCode': 'en'}",http://www.kktrophy.com/
places/ChIJ3aBNZm35wokRpwfl4KwtD8I,"116 S Main St Suite 4, Lodi, NJ 07644, USA","{'latitude': 40.8699438, 'longitude': -74.0891623}","{'text': 'JDM Associates Inc.', 'languageCode': 'en'}",http://www.jdmassociatesinc.com/
places/ChIJtUyjuDj5wokRNYhlP61C77I,"40 Essex St, Rochelle Park, NJ 07662, USA","{'latitude': 40.8953705, 'longitude': -74.0777976}","{'text': 'Designs Advantage', 'languageCode': 'en'}",
places/ChIJC7_Kg2--xokRRwHoWBZhwbs,"433 Lincoln St, Carlstadt, NJ 07072, USA","{'latitude': 40.8422683, 'longitude': -74.0978373}","{'text': 'Marathon Thread USA', 'languageCode': 'en'}",https://www.marathonthread.com/
places/ChIJd6KPdoL-wokROG1vp5WmM4k,"329 Lakeview Ave, Clifton, NJ 07011, USA","{'latitude': 40.886341800000004, 'longitude': -74.1382904}","{'text': 'Artistic Embroidery and Printing Services', 'languageCode': 'en'}",
places/ChIJVeKnTrr5wokRtCpOIjWN0ak,"161 S River St, Hackensack, NJ 07601, USA","{'latitude': 40.8735764, 'longitude': -74.0406153}","{'text': 'CustomBrother Emrodiery', 'languageCode': 'en'}",
places/ChIJxUJL8AH7wokRd9M4YEJBOfM,"117 Kinderkamack Rd #201, River Edge, NJ 07661, USA","{'latitude': 40.9117926, 'longitude': -74.03666869999999}","{'text': 'Threadmates', 'languageCode': 'en'}",https://www.threadmates.com/
places/ChIJL5v9icf5wokRWD68cvhCbEo,"820 Washington Ave, Carlstadt, NJ 07072, USA","{'latitude': 40.8323312, 'longitude': -74.0544305}","{'text': 'Ink Stitch', 'languageCode': 'en'}",
places/ChIJA9UF0kD4wokRvuP-ckjTBjo,"60 Commerce Rd, Carlstadt, NJ 07072, USA","{'latitude': 40.8292554, 'longitude': -74.05721489999999}","{'text': 'Diamond Needle Corporation', 'languageCode': 'en'}",https://www.diamondneedle.com/?utm_source=google&utm_medium=gmb&utm_campaign=traffic
places/ChIJs7aOzZfvwokR-ALlVKUfWsA,"70 Oak St Unit 103, Norwood, NJ 07648, USA","{'latitude': 40.9976519, 'longitude': -73.9524737}","{'text': 'Mt Embroidery & Promotions LLC', 'languageCode': 'en'}",
places/ChIJYeo9cn_3wokRcMk8zcpZwmg,"7 Commercial Ave #7B, Fairview, NJ 07022, USA","{'latitude': 40.817009, 'longitude': -74.002685}","{'text': 'Aura Printing & Designs', 'languageCode': 'en'}",
places/ChIJOxUhJQn3wokR_jtb6GHYqyU,"14 NJ-5, Palisades Park, NJ 07650, USA","{'latitude': 40.8404388, 'longitude': -73.99835399999999}","{'text': 'Lace Embroidery LLC', 'languageCode': 'en'}",
places/ChIJjdSkhBnzwokREoxgkV6OfP4,"2545A Grand Ave, Bronx, NY 10468, USA","{'latitude': 40.8662185, 'longitude': -73.9010375}","{'text': 'Freelance Digitizers', 'languageCode': 'en'}",https://www.freelancedigitizers.com/
places/ChIJkS62qHtl54gRPwedMYNevOU,"201 Gates Rd # G, Little Ferry, NJ 07643, USA","{'latitude': 40.8442081, 'longitude': -74.03285799999999}","{'text': 'General Tag', 'languageCode': 'en'}",http://www.generaltag.com/
places/ChIJEQehnNr1wokR3rtfBnP_IH4,"605 E 132nd St basement c, Bronx, NY 10454, USA","{'latitude': 40.8025448, 'longitude': -73.9187597}","{'text': 'The Print Kitchen', 'languageCode': 'en'}",
places/ChIJYR6WkGb0wokRphSGOxSgRDI,"4175b Third Ave, Bronx, NY 10457, USA","{'latitude': 40.8457345, 'longitude': -73.89688149999999}","{'text': 'Xclusive Dezigns', 'languageCode': 'en'}",
places/ChIJx1edTXo1EosRT8BXaHMzwRM,"860 Westchester Ave, Bronx, NY 10459, USA","{'latitude': 40.820174, 'longitude': -73.900184}","{'text': 'Valley of Beracah Imprint-NYC Printshop & Embroidery', 'languageCode': 'en'}",https://www.vobimprint.com/
places/ChIJVVPsy-D1wokR77Zi5p4T5OY,"2960 Third Ave, Bronx, NY 10455, USA","{'latitude': 40.8180881, 'longitude': -73.91456579999999}","{'text': ""DJOUNEDOUT.'S AFRICAN FASHION & EMBROIDERY DESIGN"", 'languageCode': 'en'}",
places/ChIJczq6hdv1wokREEQyKG3HaoI,"243 E 138th St, Bronx, NY 10451, USA","{'latitude': 40.8118416, 'longitude': -73.92778349999999}","{'text': 'QuickPrinter, Inc.', 'languageCode': 'en'}",http://www.quickprinter.net/
places/ChIJqaCpjp32wokR7A1nNuoFI8s,"2200 Amsterdam Ave, New York, NY 10032, USA","{'latitude': 40.8408243, 'longitude': -73.9364772}","{'text': 'Peligro Sports', 'languageCode': 'en'}",http://www.peligrosportsnyc.com/
places/ChIJxYUefTz0wokReLlNE9yJi-0,"1388-92 Jesup Ave, Bronx, NY 10452, USA","{'latitude': 40.840726, 'longitude': -73.920827}","{'text': 'klave Designs Barbershop Uniforms & Embroidery', 'languageCode': 'en'}",
places/ChIJ3abQFIz1wokRLfFvrey5GlU,"175 Walnut Ave Ste 202A, Bronx, NY 10454, USA","{'latitude': 40.8013536, 'longitude': -73.9101142}","{'text': 'STW Fashion Group Inc.', 'languageCode': 'en'}",http://stwfashiongroup.com/
places/ChIJxabxZQr1wokRPpRtoTG7hWI,"560 Southern Blvd, Bronx, NY 10455, USA","{'latitude': 40.812093999999995, 'longitude': -73.903005}","{'text': 'Agape Printing Plus', 'languageCode': 'en'}",https://www.agapeprintingplus.com/
places/ChIJPU1R5GX0wokRlWIy19COifg,"4197 Park Ave, Bronx, NY 10457, USA","{'latitude': 40.8472629, 'longitude': -73.9000164}","{'text': 'Creative Creations Inc', 'languageCode': 'en'}",http://www.tara-rific.com/
places/ChIJNXpE5uX1wokRYq4zAxPC39Y,"941 Longfellow Ave, Bronx, NY 10474, USA","{'latitude': 40.821452699999995, 'longitude': -73.8869057}","{'text': 'Prompt Printing & Embroidery', 'languageCode': 'en'}",
places/ChIJtxLsv-_0wokRETikDdfD88s,"2025 Matthews Ave, Bronx, NY 10462, USA","{'latitude': 40.8513892, 'longitude': -73.86328180000001}","{'text': 'Quizhpi Bordados', 'languageCode': 'en'}",
places/ChIJd0QRAGH1wokRJP7wD2YGw_s,"1700 Zerega Ave #250, Bronx, NY 10462, USA","{'latitude': 40.840006599999995, 'longitude': -73.85103339999999}","{'text': 'Ryzl Stitches And Threads', 'languageCode': 'en'}",
places/ChIJcZjbwKj1wokRtiNXDJKqMqs,"1150 E 156th St, Bronx, NY 10474, USA","{'latitude': 40.812798799999996, 'longitude': -73.89370319999999}","{'text': 'North American Apparel, Inc.', 'languageCode': 'en'}",
places/ChIJO1jZlCj1wokRFS0LlIthWJw,"1232 Noble Ave, Bronx, NY 10472, USA","{'latitude': 40.8305563, 'longitude': -73.8696585}","{'text': 'Tailoring Studio B', 'languageCode': 'en'}",https://tailoringstudiob.com/
places/ChIJqcB_gKL1wokRtH79486hmHs,"1279 Castle Hill Ave, Bronx, NY 10462, USA","{'latitude': 40.8337888, 'longitude': -73.8517237}","{'text': 'Uptown Prints', 'languageCode': 'en'}",http://uptownprints.com/
places/ChIJPU1R5GX0wokRth-wWonj3aM,"4197 Park Ave, Bronx, NY 10457, USA","{'latitude': 40.8472344, 'longitude': -73.8999651}","{'text': 'Tara-Riffic Screen Printing', 'languageCode': 'en'}",http://www.tara-rific.com/
places/ChIJj8h8P770wokRD0nIaGkJRAU,"1415 Blondell Ave Near, Bronx, NY 10461, USA","{'latitude': 40.8432582, 'longitude': -73.8434226}","{'text': 'Kenmar Shirts/Apparel Printing', 'languageCode': 'en'}",http://www.kenmarshirts.com/
places/ChIJMckR1DjzwokROFTm4iJofS4,"3601 Bronxwood Ave Store Front, Bronx, NY 10469, USA","{'latitude': 40.8779143, 'longitude': -73.8595071}","{'text': 'Custom 101 Prints Inc', 'languageCode': 'en'}",https://www.custom101prints.com/
places/ChIJS588y6qMwokRruXF4-P9N-8,"1575 Stillwell Ave, Bronx, NY 10461, USA","{'latitude': 40.8548167, 'longitude': -73.8419753}","{'text': 'Diamondback Sportswear', 'languageCode': 'en'}",http://diamondbackny.com/
places/ChIJWX-btQmSwokRkyOZp7NL-wY,"151 E Prospect Ave, Mamaroneck, NY 10543, USA","{'latitude': 40.950216499999996, 'longitude': -73.7321618}","{'text': 'Ink It Up', 'languageCode': 'en'}",http://www.inkitup.com/
places/ChIJUVrRVX-HwokRfqyvXHIiIaU,"683 Glen Cove Ave, Glen Head, NY 11545, USA","{'latitude': 40.8320947, 'longitude': -73.62986599999999}","{'text': 'Fomo: Embroidery & Boutique', 'languageCode': 'en'}",http://www.fomoembroidery.com/
places/ChIJGzCUuZ6FwokRZ0OkkbXzqQs,"95 Glen Cove Ave #2886, Glen Cove, NY 11542, USA","{'latitude': 40.8586581, 'longitude': -73.6345264}","{'text': 'New Hot Styles Apparel Printing inc.', 'languageCode': 'en'}",http://www.newhotstylesapparel.com/
places/ChIJaeYQT0BVtyARKp0WWCthkMM,"40 Owatonna St, Haworth, NJ 07641, USA","{'latitude': 40.956172699999996, 'longitude': -73.9879156}","{'text': 'Embroidery Babes', 'languageCode': 'en'}",http://embroiderybabes.com/
places/ChIJ_Xfd_EPjwokR37vnBGkVjI4,"230 Godwin Ave, Midland Park, NJ 07432, USA","{'latitude': 40.989438, 'longitude': -74.1407321}","{'text': 'Branding Time', 'languageCode': 'en'}",
places/ChIJg6D1XWoBw4kR2lAHc3y5HFY,"Willowbrook Mall, Wayne, NJ 07470, USA","{'latitude': 40.8900327, 'longitude': -74.25884239999999}","{'text': 'Custom Apparel Company', 'languageCode': 'en'}",
places/ChIJJ9CxF54Bw4kRHFUTVaCz_q4,"1400 Willowbrook Blvd, Wayne, NJ 07470, USA","{'latitude': 40.888706899999995, 'longitude': -74.2593816}","{'text': 'The custom place', 'languageCode': 'en'}",
places/ChIJpffCXBIBw4kRvo6JwFIyXks,"25 Amity St, Little Falls, NJ 07424, USA","{'latitude': 40.882961699999996, 'longitude': -74.2473467}","{'text': 'Sun Tee Unlimited LLC', 'languageCode': 'en'}",http://www.sun-tees.com/
places/ChIJU4QHDxoBw4kRVNCz_NL_kf8,"390 Fairfield Rd, Fairfield, NJ 07004, USA","{'latitude': 40.8855757, 'longitude': -74.27981439999999}","{'text': 'The Edwardian Needle', 'languageCode': 'en'}",
places/ChIJv5f_rbX7wokRbu_k_wBs7p0,"250 New Pehle Ave, Saddle Brook, NJ 07663, USA","{'latitude': 40.9048728, 'longitude': -74.1047224}","{'text': 'The Stitch N Print Store - Screen Printing & Embroidery Shop', 'languageCode': 'en'}",https://thestitchnprintstore.com/
places/ChIJqWEQ5Lr-wokRvSO0ANiO1OI,"264 Lakeview Ave, Clifton, NJ 07011, USA","{'latitude': 40.88402, 'longitude': -74.1382588}","{'text': 'Monarca Style', 'languageCode': 'en'}",https://www.monarcastyle.com/pages/contact-us
places/ChIJ1TU6GqHzw4kRXcTapgTR8Js,"228 Rosa Parks Blvd, Paterson, NJ 07501, USA","{'latitude': 40.9208103, 'longitude': -74.1593264}","{'text': 'CDR GRAPHICS SERVICES LLC', 'languageCode': 'en'}",
places/ChIJNYvw99_-wokRXdkhG78tLcs,"14 Evans Pl, Pompton Plains, NJ 07444, USA","{'latitude': 40.968783599999995, 'longitude': -74.29492259999999}","{'text': 'Alpha Athletic Wear LLC', 'languageCode': 'en'}",
places/ChIJgfrirKf9wokRxyO_u1sjt7M,"27 N Straight St, Paterson, NJ 07522, USA","{'latitude': 40.9261169, 'longitude': -74.16797509999999}","{'text': 'Fifteeneedles', 'languageCode': 'en'}",http://fifteeneedles.com/
places/ChIJX3xp7KXjwokRWY_fgwmpyJM,"288 Brookside Ave, Wyckoff, NJ 07481, USA","{'latitude': 41.0225356, 'longitude': -74.15832859999999}","{'text': 'Exclusive Embroidery', 'languageCode': 'en'}",
places/ChIJxToPDvX7wokR2rYoVLHo1UA,"64 Bushes Ln, Elmwood Park, NJ 07407, USA","{'latitude': 40.906942, 'longitude': -74.1110992}","{'text': 'Unique Embroidery', 'languageCode': 'en'}",https://www.uniquerus.com/
places/ChIJveVyWYX-wokRh41Xi0N8VFI,"333 Hazel St, Clifton, NJ 07011, USA","{'latitude': 40.8889353, 'longitude': -74.1602369}","{'text': 'Excellent Printing & Signs', 'languageCode': 'en'}",http://www.excellent-printing.com/
places/ChIJsWyysQz6wokRv7EEi-wxGvo,"167 Boulevard, Hasbrouck Heights, NJ 07604, USA","{'latitude': 40.8603678, 'longitude': -74.08003040000001}","{'text': 'iDesign Printing and Copy Center', 'languageCode': 'en'}",http://www.idesignnj.com/
places/ChIJ8QUyWqH-wokRMmMFyjaAfQg,"45 E Madison Ave, Clifton, NJ 07011, USA","{'latitude': 40.874854, 'longitude': -74.135266}","{'text': 'Print Bandit', 'languageCode': 'en'}",
places/ChIJhVhoqr7xwokRu7Pl1UsJoKI,"260 Grand Ave, Englewood, NJ 07631, USA","{'latitude': 40.8848493, 'longitude': -73.9779168}","{'text': 'Fully Promoted Englewood NJ', 'languageCode': 'en'}",https://fullypromoted.com/locations/tenafly-nj/
places/ChIJv0zvbAX6wokRJ97GGp5ihVE,"381 Main St, Hackensack, NJ 07601, USA","{'latitude': 40.8903302, 'longitude': -74.0398651}","{'text': 'EmbroidMe Hackensack, NJ', 'languageCode': 'en'}",http://embroidme-hackensack.com/
places/ChIJ34hGPQP6wokRIp-CeXzlHuc,"222 River St, Hackensack, NJ 07601, USA","{'latitude': 40.8847177, 'longitude': -74.0402022}","{'text': 'Blue Dog Graphics', 'languageCode': 'en'}",https://www.gobluedog.com/
places/ChIJ6a-Z-vHxwokRpi0lBxJSvMg,"109 Portland Ave, Bergenfield, NJ 07621, USA","{'latitude': 40.9242345, 'longitude': -73.997412}","{'text': 'Maximum Graphics', 'languageCode': 'en'}",http://maximumgraphics.biz/
places/ChIJb8f3dbP5wokRB8fON-DFvL8,"38 Main St, Little Ferry, NJ 07643, USA","{'latitude': 40.8501179, 'longitude': -74.0342581}","{'text': 'NJ Pro Signs', 'languageCode': 'en'}",https://www.njprosigns.com/
places/ChIJq6_yBu35wokR7nSYWyKxd-8,"248 West St, South Hackensack, NJ 07606, USA","{'latitude': 40.8712678, 'longitude': -74.0507451}","{'text': 'Cyborgraphics Inc.', 'languageCode': 'en'}",
places/ChIJJXesTiHxwokRK5g77BcFAjQ,"17 E Linden Ave, Englewood, NJ 07631, USA","{'latitude': 40.887984599999996, 'longitude': -73.9781886}","{'text': 'Bergen Embroidery & Screen Ptg', 'languageCode': 'en'}",
places/ChIJcyLrqaPzwokRbN6hKSstHG8,"Store Front, 135 W 238th St, Bronx, NY 10463, USA","{'latitude': 40.883672, 'longitude': -73.897306}","{'text': 'New Heights Signs and Apparel', 'languageCode': 'en'}",
places/ChIJg6dii4HzwokRovh0guqs-Q0,"99 Waverly St, Yonkers, NY 10701, USA","{'latitude': 40.9324039, 'longitude': -73.89373359999999}","{'text': 'ABRAHAM CUSTOM PRINTING & EMBROIDERY INC', 'languageCode': 'en'}",
places/ChIJ5VvMsaf1wokROH3PBeCW0Fc,"392 E Tremont Ave, Bronx, NY 10457, USA","{'latitude': 40.8476313, 'longitude': -73.9014294}","{'text': 'Instant t-shirt printing/ DTF print', 'languageCode': 'en'}",http://www.instanttshirtprinting.com/
places/ChIJV2a02J_2wokRD11T7fZYuiY,"575 W 175th St #55, New York, NY 10033, USA","{'latitude': 40.8454473, 'longitude': -73.93608390000001}","{'text': 'Signs R Us', 'languageCode': 'en'}",
places/ChIJR5aWZn30wokRlyLoeXn917c,"611 E 182nd St, Bronx, NY 10457, USA","{'latitude': 40.8518486, 'longitude': -73.8893736}","{'text': 'E-Z Advertising Corp.', 'languageCode': 'en'}",
places/ChIJwSmCsjaNwokR5BoyFcRANTU,"2528 Boston Rd, Bronx, NY 10467, USA","{'latitude': 40.8638219, 'longitude': -73.86440900000001}","{'text': 'Makalani T-Shirt Printing', 'languageCode': 'en'}",
places/ChIJ9fS4UUjzwokRs1Z5g2JFD2U,"1236A E Gun Hill Rd, Bronx, NY 10469, USA","{'latitude': 40.872368099999996, 'longitude': -73.8511736}","{'text': 'SOLIDROCK PRINT', 'languageCode': 'en'}",https://solidrockprint.com/
places/ChIJh6WM4SONwokRCBGTq8iXY0A,"724 S Columbus Ave, Mt Vernon, NY 10550, USA","{'latitude': 40.895215, 'longitude': -73.82319799999999}","{'text': 'T Shirt Works', 'languageCode': 'en'}",
places/ChIJf_2A-0mNwokRswDcgg5LQEo,"30 E 1st St, Mt Vernon, NY 10550, USA","{'latitude': 40.9117903, 'longitude': -73.8355236}","{'text': 'Digiprint', 'languageCode': 'en'}",http://www.digiprintmv.com/
places/ChIJaQRCR8j0wokRFvnmjpg_RUY,"1239 Castle Hill Ave, Bronx, NY 10462, USA","{'latitude': 40.832923699999995, 'longitude': -73.8514498}","{'text': 'Varsity Uniform', 'languageCode': 'en'}",
places/ChIJ_TGfBHbzwokRXXsssYYG1Ew,"3020 Jerome Ave, Bronx, NY 10468, USA","{'latitude': 40.8743657, 'longitude': -73.8887151}","{'text': 'Mex Printing', 'languageCode': 'en'}",http://www.mexprinting.com/
places/ChIJx_9nbV2XwokRjZgdp3mKyxw,"141 Willett Ave, Port Chester, NY 10573, USA","{'latitude': 41.003698199999995, 'longitude': -73.66322579999999}","{'text': 'Embroidery Experts', 'languageCode': 'en'}",http://www.embroideryexperts.com/
places/ChIJpbjAEPWLwokRW51IzF_vyHE,"2922 Westchester Ave, Bronx, NY 10461, USA","{'latitude': 40.846355599999995, 'longitude': -73.8329042}","{'text': 'Carmelinda Boutique & Embroidery', 'languageCode': 'en'}",https://www.carmelindanyc.com/
places/ChIJC0zml3SSwokRofgpKNCLDVc,"47 Potter Ave 1st Fl, New Rochelle, NY 10801, USA","{'latitude': 40.926530299999996, 'longitude': -73.7730436}","{'text': 'Mesh Print Studio', 'languageCode': 'en'}",http://www.meshprintstudio.com/
places/ChIJ79oz_rqMwokRs8Kucxd_bn8,"200 Baychester Ave, Bronx, NY 10475, USA","{'latitude': 40.8634655, 'longitude': -73.8273063}","{'text': 'Lids', 'languageCode': 'en'}",https://www.lids.com/store/lids-the-mall-at-bay-plaza/sd-17592479+z-9497244-676753020?_s=bm-LIDS-RETAIL-GMB
places/ChIJ_bOYoKCVwokR2ZSDTW3TnBY,"48 Mamaroneck Ave suit 18, White Plains, NY 10601, USA","{'latitude': 41.0312196, 'longitude': -73.76645839999999}","{'text': ""Stitch'is Embroidery"", 'languageCode': 'en'}",https://www.stitchisembroidery.com/?fbclid=PAAaY3PRs0HZKoDTAOWnWIcLX0gmRNlw5pnfD9Rm7tgEaRksJiueGQGIoWXvk_aem_AfW_GFCRjugPDLIcmEUT0_u6g4ALsb9rMNhZV9ZUNEmI00Kz_fUVYfFpiMpwKwXpEys
places/ChIJCxzzESqJwokRAIbNLxB6GPs,"366 Main St, Port Washington, NY 11050, USA","{'latitude': 40.8313059, 'longitude': -73.70173179999999}","{'text': 'Spectrum Designs Foundation', 'languageCode': 'en'}",http://www.spectrumdesigns.org/
places/ChIJqa__tfmBwokRtscTNzMl_Hg,"39 Jefry Ln, Hicksville, NY 11801, USA","{'latitude': 40.7518367, 'longitude': -73.5030149}","{'text': 'The Ink Stitch Club', 'languageCode': 'en'}",https://inkstitchclub.com/
